ID,V1_Context_Precisao,V8_Context_Precisao,V1_Context_Relevancia,V8_Context_Relevancia,V1_Context_Recall,V8_Context_Recall,V1_Faithfulness,V8_Faithfulness,V1_Resposta_Relevante,V8_Resposta_Relevante
TC_STATIC_01,0.0,1.0,0.0,0.14285714285714285,0.0,1.0,1.0,1.0,1.0,1.0
TC_STATIC_02,0.0,1.0,0.0,0.0,0.0,0.0,0.25,1.0,1.0,1.0
TC_TEMPORAL_01,0.0,0.6428571428571428,0.0,0.1,0.0,0.5,0.5555555555555556,0.6666666666666666,1.0,1.0
TC_CONFLICT_01,0.0,0.7999999999999999,0.0,0.5384615384615384,0.0,0.5,0.75,1.0,1.0,0.8333333333333334
TC_SKU_01,0.0,1.0,0.0,0.25,0.0,0.0,0.4,0.6,0.0,1.0
TC_HYBRID_01,0.0,0.6428571428571428,0.0,0.21428571428571427,0.0,0.5,0.5,1.0,1.0,1.0
TC_TIME_01,0.0,0.0,0.0,0.11764705882352941,0.0,0.0,1.0,0.6,1.0,0.8
TC_TIME_SENS_01_ACTIVE,0.0,1.0,0.0,0.2903225806451613,0.0,0.5,1.0,0.6,0.9,1.0
TC_TIME_SENS_01_EXPIRED,0.0,0.0,0.0,0.3125,0.0,0.5,0.8333333333333334,1.0,0.8571428571428571,0.8
TC_RECENCY_CONFLICT_01,0.0,0.0,0.0,0.15,0.0,0.5,1.0,1.0,1.0,1.0
TC_FUTURE_ANOMALY_01,0.0,0.0,0.0,0.25,0.0,0.3333333333333333,1.0,0.8333333333333334,1.0,1.0
TC_SKU_MISMATCH_01,0.0,0.8095238095238094,0.0,0.0,0.0,0.0,1.0,1.0,1.0,1.0
TC_HYBRID_KNOWLEDGE_01,0.0,1.0,0.0,0.8076923076923077,0.0,0.5,0.7142857142857143,0.42857142857142855,0.75,1.0
