modelo;posts_unicos;volumetria_palavras;performance;thermal;energy;display;stability;total_mencoes;densidade_tecnica
Acer 16 Predator Neo NH.QLTSI.001;47;20363;43;63;114;56;33;309;15.17
Acer Aspire 5 14 A514-56GM 2023 Gaming;37;41074;50;67;119;144;7;387;9.42
Acer Aspire 5 2023 A515-58GM Gaming;4;2142;4;6;9;1;0;20;9.34
Acer Aspire 5 A515-57 Gaming;40;12952;37;36;41;52;28;194;14.98
Acer Aspire 5 A515-58GM 15 2023 Gaming;12;4075;2;9;8;24;11;54;13.25
Acer Aspire 7 A715-75G Gaming;17;3902;11;28;8;18;22;87;22.3
Acer Nitro 16 AN16-41 Gaming;47;30536;57;33;78;77;42;287;9.4
Acer Nitro 5 AN515-45 Gaming;38;13497;28;27;37;59;25;176;13.04
Acer Nitro 5 AN515-46;65;5228;26;37;23;84;24;194;37.11
Acer Nitro 5 AN515-47 2023 Gaming;18;13373;28;33;15;34;5;115;8.6
Acer Nitro AN515-57 Gaming;11;2507;15;7;5;17;11;55;21.94
Acer Nitro V ANV15-51 2023 Gaming;2;343;0;0;0;8;0;8;23.32
Acer Predator Helios 16 NH.QJRSI.003;14;12332;9;8;67;32;19;135;10.95
Acer Predator Helios 300 NH.QC2SI.00B;90;7585;18;50;40;48;13;169;22.28
Acer Predator Helios 500 Ph517-52 Gaming;7;1230;9;4;6;10;0;29;23.58
Acer Predator Helios Neo 16 2023 PHN16-71 Gaming;7;550;2;2;1;5;1;11;20.0
Acer Swift X SFX14-41G;25;11797;8;30;24;34;8;104;8.82
Asus ProArt StudioBook Pro 16 H7600ZW-L711WS;7;2482;1;11;4;11;0;27;10.88
Asus ROG Flow X13 GV301QH-K5462TS Gaming;9;2171;2;15;7;17;1;42;19.35
Asus ROG Flow X16 2022 GV601RE-M6012WS Gaming;9;2306;1;4;14;12;14;45;19.51
Asus ROG Flow Z13 2022 GZ301ZA-LD049WS Gaming;17;5797;11;12;22;25;4;74;12.77
Asus ROG Strix G15 2022 G513RS-HQ024WS Gaming;48;13521;40;38;65;64;42;249;18.42
Asus ROG Strix G16 2023 G614JI-N4151WS Gaming;48;10695;40;39;18;73;14;184;17.2
Asus ROG Strix G17 2022 G713IE-HX040W Gaming;45;8141;19;61;17;36;10;143;17.57
Asus ROG Strix Scar 15 G533ZXZ-LN116WS Gaming;40;14740;78;65;38;45;28;254;17.23
Asus ROG Zephyrus Duo 16 2022 GX650RXZ-LB226WS Gaming;14;6626;23;13;42;45;1;124;18.71
Asus ROG Zephyrus G14 2022 GA402RK-L8148WS Gaming;56;10072;16;38;26;60;28;168;16.68
Asus ROG Zephyrus G15 2022 GA503RM-LN143WS Gaming;33;7662;24;20;33;37;15;129;16.84
Asus ROG Zephyrus G16 2023 GU603ZU-N3023WS;22;9922;11;19;39;36;16;121;12.2
Asus ROG Zephyrus M16 2023 GU604VZ-NM050WS;28;8010;15;29;15;12;3;74;9.24
Asus Strix G15 G513RM-HF272WS Gaming;9;1381;7;18;3;6;2;36;26.07
Asus TUF A15 FA577RM-HQ032WS;52;4205;51;43;11;37;19;161;38.29
Asus TUF A15 OLED FA507RM-HF030WS;5;2043;6;8;6;3;1;24;11.75
Asus TUF A17 FA766IC-HX005W Gaming;25;6513;8;36;6;42;32;124;19.04
Asus TUF Dash F15 2022 FX517ZC-HN035WS Gaming;43;4067;27;54;11;21;18;131;32.21
Asus TUF F15 FA507RE-HN043WS 2022 Gaming;14;1728;5;16;2;6;2;31;17.94
Asus TUF Gaming A15 2021 FA506QM-HN124W;20;5629;13;13;33;30;11;100;17.77
ASUS TUF Gaming A16 Advantage Edition FA617XS-N3025WS Gaming;24;4369;13;14;8;42;9;86;19.68
Asus TUF Gaming F15 2022 FX507ZC4-HN116W Gaming;30;5011;22;21;15;44;7;109;21.75
Asus TUF Gaming F17 FX706HF-HX018W;17;2135;28;37;4;9;2;80;37.47
Asus Vivobook Pro 14 OLED 2021 M3401QC-KM045WS;15;7310;11;30;23;32;1;97;13.27
Asus Vivobook Pro 15 M3500QC-L901WS Gaming;19;6001;5;19;16;58;5;103;17.16
Asus Vivobook Pro 16 OLED K6602HC-N1902WS Gaming;7;1208;2;10;3;9;7;31;25.66
Asus ZenBook Pro Duo 14 OLED 2022 UX8402ZE-M711WS;8;1628;6;15;7;2;5;35;21.5
Dell 2023 G16-7630 Gaming;22;15026;11;27;27;39;7;111;7.39
Dell 5530 G15 Gaming;16;2823;25;6;1;8;16;56;19.84
Dell Alienware M15 R6 Gaming;2;223;0;1;0;0;0;1;4.48
Dell Alienware M15 R7 Gaming;9;2409;15;7;3;4;1;30;12.45
Dell Alienware m16 2023 Gaming;4;2621;2;5;5;4;7;23;8.78
Dell Alienware m16 Gaming;5;1227;2;6;4;13;7;32;26.08
Dell Alienware M18 R1 2023 Gaming;2;506;0;1;1;0;4;6;11.86
Dell Alienware x14 Gaming;1;117;2;0;2;1;0;5;42.74
Dell Alienware X16 Gaming;2;336;2;2;0;0;0;4;11.9
Dell Alienware X16 R1 2023 Gaming;1;1021;0;3;1;0;4;8;7.84
Dell Alienware X17 R1 D569936;3;2246;0;6;2;9;0;17;7.57
Dell Alienware X17 R2 D569943;4;1038;6;4;4;1;0;15;14.45
Dell G15-5511 Gaming;34;11289;59;30;153;43;35;320;28.35
Dell G15-5520 Gaming;1;247;0;0;2;4;1;7;28.34
Dell G15-5520;91;10976;9;76;108;86;59;338;30.79
Dell G15-5525;1;96;0;1;0;0;0;1;10.42
Dell G15-5530 15 2023 Gaming;11;12835;6;13;26;1;17;63;4.91
Dell G16 7630 Gaming;1;161;0;0;1;1;0;2;12.42
Dell XPS 15 9520;16;6080;8;12;3;5;2;30;4.93
Acer Nitro V;39;8124;25;17;29;52;19;142;17.48
Acer Predator Neo;4;2177;8;2;3;20;0;33;15.16
Acer Predator Triton 500 SE PT516-52s NH.QFQSI.001;18;3613;21;32;18;19;2;92;25.46
ALIENWARE;60;9240;43;35;46;64;48;236;25.54
ASUS ASUS TUF Gaming A15;25;4984;7;9;6;29;8;59;11.84
Asus ROG Zephyrus G16 2023 GU603VV-N4044WS;1;167;0;3;0;0;0;3;17.96
Asus ROG Zephyrus S15 GX502LXS-HF081T;1;165;0;0;6;0;0;6;36.36
ASUS ROG;60;5020;17;25;35;35;11;123;24.5
ASUS TUF Gaming F16;14;4400;20;25;10;5;2;62;14.09
ASUS Vivobook Gaming;36;9188;15;26;25;57;5;128;13.93
DELL Alienware;19;8098;11;11;40;35;1;98;12.1
HP Victus 15-fa1066TX;60;6270;21;28;30;77;43;199;31.74
HP Victus 15;20;4387;4;8;20;14;21;67;15.27
HP Victus 15;1;1526;0;2;4;22;0;28;18.35
HP Victus AI;8;2238;20;8;8;3;0;39;17.43
HP Victus Gaming 15;16;2968;6;20;8;11;14;59;19.88
HP Victus Gaming;9;1368;0;3;9;10;9;31;22.66
Lenovo IdeaPad Gaming 3 15IHU6 82K101B6IN;49;8703;31;37;45;36;17;166;19.07
Lenovo IdeaPad Gaming 3;1;51;3;1;0;0;0;4;78.43
Lenovo Legion 5 Pro 82RF00E1IN;15;3859;3;3;8;19;18;51;13.22
Lenovo Legion 5;18;2521;6;3;17;37;7;70;27.77
Lenovo Legion 7i;23;2830;6;14;13;15;16;64;22.61
Lenovo Lenovo Legion Pro 7;8;1244;1;1;2;15;3;22;17.68
Logitech G102 Light Sync / Adj DPI Upto 8000, 6 Program...;1;15;1;0;0;0;0;1;66.67
MSI Gaming Raider GE66 12UHS-218IN;18;4177;10;31;5;27;0;73;17.48
MSI Raider 18 HX AI;12;9442;13;12;11;14;3;53;5.61
MSI Raider GE68 HX;1;230;0;0;0;5;0;5;21.74
MSI Stealth 14 Studio;1;51;0;0;0;0;0;0;0.0
MSI Stealth 15;22;13999;13;63;20;58;0;154;11.0
MSI Stealth 16 AI Studio;4;1125;3;1;3;1;1;9;8.0
MSI Stealth 16 Studio;4;381;1;3;2;5;0;11;28.87
MSI Stealth GS66 12UGS-290IN;28;4623;22;28;8;27;10;95;20.55
MSI Stealth;40;7049;6;33;52;48;32;171;24.26
Razer Blade 15 Advanced Gaming;25;4963;11;44;7;36;9;107;21.56
Gigabyte Aero 5 XE4 OLED;1;123;1;0;0;2;1;4;32.52
Gigabyte Aorus 15 XE4 Gaming;4;837;0;2;0;3;2;7;8.36
Gigabyte Aorus 5 SE4 Gaming;3;576;3;4;4;0;1;12;20.83
HP Envy 16-h0025tx;75;11405;26;57;57;109;22;271;23.76
HP Omen 16-b1350TX;55;8708;29;56;35;96;45;261;29.97
HP Omen 16-B1371TX Gaming;20;6105;10;18;20;26;10;84;13.76
HP Pavilion 15-dk2095TX Gaming;88;15323;42;33;72;91;27;265;17.29
HP Pavilion 15-ec2150AX;60;7563;8;44;60;86;11;209;27.63
HP Victus15-fb0147AX Gaming;9;2157;10;11;8;9;7;45;20.86
Lenovo IdeaPad Gaming 3i 82K101GTIN;5;2185;4;6;0;17;3;30;13.73
Lenovo IdeaPad Pro 5 83AQ005SIN Gaming;36;9236;8;34;29;53;13;137;14.83
Lenovo Legion 5 15ACH6 82JU018YIN Gaming;7;3039;10;5;2;9;2;28;9.21
Lenovo Legion 5 Pro 82RF00E1IN Gaming;1;492;0;0;2;0;2;4;8.13
Lenovo Legion 5 Pro 82RG009AIN;1;492;0;0;2;0;2;4;8.13
Lenovo Legion Pro 7 2023 82WQ007TIN Gaming;3;575;0;2;2;4;1;9;15.65
Lenovo Legion Slim 5 16APH8 82Y90042IN Gaming;18;5355;13;16;25;21;20;95;17.74
Lenovo Legion Slim 7 16IRH8 82Y3007QIN Gaming;10;2090;2;2;7;18;7;36;17.22
MSI Bravo 15 B5DD-043IN Gaming;16;3885;22;27;12;5;3;69;17.76
MSI Crosshair 15 B12UEZ-037IN Gaming;13;4182;11;9;15;5;13;53;12.67
MSI Cyborg 15 A12UCX-264IN Gaming;15;4029;36;10;4;13;32;95;23.58
MSI Delta 15 A5EFK-201IN Gaming;16;7253;33;69;26;25;44;197;27.16
MSI Gaming Katana GF66 12UE-1002IN;14;2619;29;24;5;1;0;59;22.53
MSI Gaming Katana GF76 11SC-847IN;11;2264;5;24;20;4;1;54;23.85
MSI GF63 Thin 10SC-848IN Gaming;23;4046;28;25;17;21;10;101;24.96
MSI GF75 Thin 10SC-611IN;15;3377;24;36;1;3;1;65;19.25
MSI GP66 Leopard 11UG-693IN Gaming;7;1257;4;3;3;6;4;20;15.91
MSI GS76 Stealth 11UE-631IN 9S7-17M111-631 Gaming;3;363;0;16;0;1;0;17;46.83
MSI Katana 15 B12UDXK-1004IN Gaming;15;5063;32;13;9;11;21;86;16.99
MSI Katana 15 B12UDXK-1005IN Gaming;1;403;0;5;1;4;0;10;24.81
MSI Katana 15 B13VFK-296IN Gaming;1;87;0;1;0;0;0;1;11.49
MSI Katana 17 B12VFK-668IN Gaming;8;2245;4;12;0;8;5;29;12.92
MSI Katana GF66 12UD Gaming;2;247;0;5;0;0;0;5;20.24
MSI Katana GF76 11UE-485IN;2;342;1;5;1;3;0;10;29.24
MSI Pulse 17 B13VGK-652IN Gaming;22;11906;92;25;73;14;29;233;19.57
MSI Pulse GL66 12UEK-898IN Gaming;9;1468;12;10;3;2;0;27;18.39
MSI Raider GE68HX 13VG-026IN Gaming;1;635;0;3;6;0;0;9;14.17
MSI Stealth 14 Studio A13VF-037IN Gaming;2;452;0;2;2;10;0;14;30.97
MSI Stealth GS66 12UGS-290IN Gaming;1;254;0;2;0;0;0;2;7.87
MSI Sword 15 A12UC-467IN Gaming;11;5303;11;13;12;17;1;54;10.18
MSI Vector GP66 12UEO-646IN Gaming;2;601;4;5;3;1;0;13;21.63
MSI Vector GP68 HX 13VG-214IN Gaming;3;355;0;5;0;4;0;9;25.35
MSI Vector GP68HX 13VH-072IN Gaming;1;200;0;1;0;0;0;1;5.0
MSI Vector GP76 12UGSO-868IN Gaming;1;350;0;5;4;0;0;9;25.71
