modelo;posts_unicos;volumetria_palavras;performance;thermal;energy;display;stability;total_mencoes;densidade_tecnica;temas_cobertos
acer 16 predator neo;290;237504;407;1266;646;558;537;3414;14.37;5
acer aspire 5 14;186;362520;505;578;872;1323;112;3390;9.35;5
acer aspire 5 2023;14;12312;17;48;29;27;4;125;10.15;5
acer aspire 5 gaming;160;127193;345;327;265;250;238;1425;11.2;5
acer aspire 5 15;60;44497;40;125;59;140;62;426;9.57;5
acer aspire 7 gaming;102;57959;156;252;135;160;158;861;14.86;5
acer nitro 16 gaming;293;474437;1165;1174;1567;1021;838;5765;12.15;5
acer nitro 5 gaming;296;380665;815;1734;969;936;604;5058;13.29;5
acer nitro 5;301;152350;355;1104;608;746;337;3150;20.68;5
acer nitro 5 2023;72;53852;111;240;154;127;14;646;12.0;5
acer nitro 5 gaming;1;579;1;5;3;0;0;9;15.54;3
acer nitro gaming;150;144495;477;524;366;340;178;1885;13.05;5
acer nitro v 2023;7;7547;13;14;12;10;8;57;7.55;5
acer predator helios 16;101;96293;132;494;166;276;190;1258;13.06;5
acer predator helios 300;287;162222;252;973;389;464;508;2586;15.94;5
acer predator helios 300;1;673;4;3;6;0;0;13;19.32;3
acer predator helios 500;97;95961;155;343;280;188;30;996;10.38;5
acer predator helios neo;56;52075;105;364;161;104;80;814;15.63;5
acer swift x;180;178945;336;434;520;660;75;2025;11.32;5
asus proart studiobook pro;35;26099;29;91;86;123;11;340;13.03;5
asus rog flow x13;156;158634;217;399;614;470;97;1797;11.33;5
asus rog flow x16;82;108561;278;301;320;183;127;1209;11.14;5
asus rog flow z13;98;105651;195;234;464;269;44;1206;11.41;5
asus rog strix g15;310;300573;600;1390;877;869;485;4221;14.04;5
asus rog strix g16;283;218121;474;1409;521;633;365;3402;15.6;5
asus rog strix g17;212;141765;369;679;306;387;223;1964;13.85;5
asus rog strix scar;277;333748;582;1938;751;797;401;4469;13.39;5
asus rog zephyrus duo;98;98390;206;265;249;436;110;1266;12.87;5
asus rog zephyrus g14;342;347921;406;1197;1224;1059;516;4402;12.65;5
asus rog zephyrus g14;2;835;0;4;4;2;1;11;13.17;4
asus rog zephyrus g15;196;161501;365;744;646;432;303;2490;15.42;5
asus rog zephyrus g16;179;118277;298;592;517;325;158;1890;15.98;5
asus rog zephyrus m16;171;131960;211;726;290;311;107;1645;12.47;5
asus strix g15 gaming;91;96529;124;445;188;209;75;1041;10.78;5
asus tuf a15;400;270428;562;1409;844;869;800;4484;16.58;5
asus tuf a15 oled;4;1477;17;6;2;3;0;28;18.96;4
asus tuf a17 gaming;139;90270;203;454;173;237;242;1309;14.5;5
asus tuf dash f15;270;143492;529;791;506;334;328;2488;17.34;5
asus tuf f15 2022;112;49449;155;325;149;99;59;787;15.92;5
asus tuf gaming a15;205;122069;336;579;320;295;303;1833;15.02;5
asus tuf gaming a15;1;482;2;0;0;0;0;2;4.15;1
asus tuf gaming a16;200;158152;367;765;383;328;273;2116;13.38;5
asus tuf gaming f15;324;224872;479;1564;706;449;491;3689;16.4;5
asus tuf gaming f17;111;53271;247;337;166;114;88;952;17.87;5
asus vivobook pro 14;81;60297;93;210;138;235;30;706;11.71;5
asus vivobook pro 15;145;113039;223;337;271;275;96;1202;10.63;5
asus vivobook pro 16;46;28378;55;144;75;75;13;362;12.76;5
asus vivobook pro 16x;15;9912;0;16;26;55;45;142;14.33;4
asus zenbook pro duo;88;92220;115;336;257;309;63;1080;11.71;5
dell 2023 gaming;220;477502;498;1024;848;793;417;3580;7.5;5
dell 5530 g15 gaming;72;30290;137;153;123;47;70;530;17.5;5
dell alienware m15 r6;37;41622;48;173;107;76;18;422;10.14;5
dell alienware m15 r7;54;50477;67;178;222;71;39;577;11.43;5
dell alienware m16 2023;6;9490;6;49;28;22;2;107;11.28;5
dell alienware m16 gaming;60;131366;301;499;373;176;190;1539;11.72;5
dell alienware m18 r1;47;43741;59;217;125;106;37;544;12.44;5
dell alienware x14 gaming;11;9497;26;50;43;27;13;159;16.74;5
dell alienware x14 r2;3;1555;1;3;0;6;1;11;7.07;4
dell alienware x15 r2;16;17235;27;96;31;40;14;208;12.07;5
dell alienware x16 gaming;23;36211;58;133;64;68;14;337;9.31;5
dell alienware x16 r1;4;5620;11;39;11;6;0;67;11.92;4
dell alienware x17 r1;30;38098;43;132;76;112;29;392;10.29;5
dell alienware x17 r2;32;31366;46;148;70;83;13;360;11.48;5
dell gaming;353;1399319;3208;2871;3248;2723;2161;14211;10.16;5
dell;338;494389;336;1137;1318;1085;482;4358;8.81;5
dell;1;306;0;0;3;0;0;3;9.8;1
dell 15 2023 gaming;22;28521;37;49;58;29;2;175;6.14;5
dell gaming;2;935;0;0;7;1;0;8;8.56;2
dell g16 7630 gaming;39;17976;65;109;41;48;45;308;17.13;5
dell inspiron 5520;21;9391;27;29;19;51;14;140;14.91;5
dell xps 15 9520;97;96506;146;341;369;216;119;1191;12.34;5
acer nitro v;194;111724;219;458;283;429;223;1612;14.43;5
acer predator helios neo;1;1801;1;14;9;0;3;27;14.99;4
acer predator neo;17;25892;71;70;21;88;30;280;10.81;5
acer predator triton 500;98;70376;169;456;148;135;89;997;14.17;5
alienware;387;708613;1797;2211;1498;1934;1116;8556;12.07;5
asus asus tuf gaming;229;865773;2098;2226;2368;1399;1925;10016;11.57;5
asus rog zephyrus s15;14;9958;12;70;23;13;0;118;11.85;4
asus rog;254;595093;916;1819;1382;1250;988;6355;10.68;5
asus tuf gaming f16;81;42615;122;308;102;38;56;626;14.69;5
asus vivobook gaming;180;124602;205;314;311;509;152;1491;11.97;5
dell alienware;265;410309;497;1241;952;788;570;4048;9.87;5
hp victus;407;295327;707;1471;895;773;465;4311;14.6;5
hp victus;1;1852;0;2;6;1;0;9;4.86;3
hp victus 15;224;112875;238;405;272;264;240;1419;12.57;5
hp victus ai;31;16574;49;44;66;26;4;189;11.4;5
hp victus gaming 15;102;43949;128;155;103;86;143;615;13.99;5
hp victus gaming;97;46673;129;198;151;151;99;728;15.6;5
hp victus;1;229;0;0;2;5;0;7;30.57;2
lenovo ideapad gaming 3;360;251339;467;841;714;799;658;3479;13.84;5
lenovo ideapad gaming 3;2;1125;4;2;6;2;0;14;12.44;4
lenovo legion 5 82rb00k8in;2;1471;1;5;10;4;0;20;13.6;4
lenovo legion 5 pro;400;552333;872;2641;1679;1256;712;7160;12.96;5
lenovo legion 5;303;296966;445;1008;802;855;396;3506;11.81;5
lenovo legion 7i;355;361609;570;2141;1272;853;451;5287;14.62;5
lenovo legion pro 5;1;850;0;14;4;2;0;20;23.53;3
lenovo lenovo legion pro;113;106531;154;678;238;247;216;1533;14.39;5
logitech g102 light sync;1;1006;3;2;1;0;0;6;5.96;3
msi gaming raider ge66;126;121461;344;801;252;348;291;2036;16.76;5
msi raider 18 hx;33;35860;35;307;117;51;35;545;15.2;5
msi raider ge68 hx;17;6699;11;79;11;11;0;112;16.72;4
msi raider ge77hx;15;6505;13;34;16;28;18;109;16.76;5
msi stealth 14 studio;9;20092;83;25;34;16;3;161;8.01;5
msi stealth 15;182;251345;434;1201;645;430;211;2921;11.62;5
msi stealth 16 ai;29;24578;33;88;83;61;35;300;12.21;5
msi stealth 16 studio;19;13006;17;75;41;41;8;182;13.99;5
msi stealth gs66;168;104823;251;1036;196;249;81;1813;17.3;5
msi stealth gs77;8;2699;1;17;13;7;1;39;14.45;5
msi stealth;221;164058;414;764;462;337;283;2260;13.78;5
razer blade 15 advanced;362;352032;556;1754;923;933;467;4633;13.16;5
gigabyte aero 5 xe4;7;19335;21;67;171;30;13;302;15.62;5
gigabyte aorus 15 xe4;8;4615;6;10;11;15;29;71;15.38;5
gigabyte aorus 15 xe5;2;831;4;3;4;3;0;14;16.85;4
gigabyte aorus 5 se4;19;22546;95;150;167;25;25;462;20.49;5
hp envy;383;408199;366;1075;1178;1090;469;4178;10.24;5
hp omen;409;400539;1032;1785;1120;881;565;5383;13.44;5
hp omen gaming;240;322537;467;1215;715;550;426;3373;10.46;5
hp pavilion gaming;341;292255;461;904;702;681;485;3233;11.06;5
hp pavilion;234;107632;81;350;362;448;279;1520;14.12;5
hp gaming;244;2829362;834;3838;2899;1335;726;9632;3.4;5
lenovo ideapad gaming 3i;54;21978;99;152;90;53;35;429;19.52;5
lenovo ideapad pro 5;196;156898;109;463;399;564;230;1765;11.25;5
lenovo legion 5 15ach6;54;35843;47;126;175;64;56;468;13.06;5
lenovo legion 5 15imh6;2;600;1;0;0;0;0;1;1.67;1
lenovo legion 5 pro;1;550;0;0;3;0;2;5;9.09;2
lenovo legion pro 7;145;123797;242;671;423;346;254;1936;15.64;5
lenovo legion slim 5;210;163557;298;642;525;485;132;2082;12.73;5
lenovo legion slim 7;121;85794;123;323;216;343;116;1121;13.07;5
lenovo loq 15irh8 82xv00brin;3;307;3;0;0;5;0;8;26.06;2
lenovo thinkpad t15p gen;7;8793;2;18;38;33;2;93;10.58;5
msi bravo 15 gaming;81;38493;173;196;105;73;48;595;15.46;5
msi bravo 17 gaming;3;868;7;2;1;0;0;10;11.52;3
msi creator m16;6;10120;18;18;19;25;1;81;8.0;5
msi creator pro z17;1;333;1;0;1;0;0;2;6.01;2
msi creator z16p gaming;2;610;0;1;1;11;0;13;21.31;3
msi crosshair 15 gaming;64;86565;213;387;178;74;69;921;10.64;5
msi cyborg 15 gaming;146;89843;358;622;277;112;70;1439;16.02;5
msi delta 15 gaming;135;197960;419;891;721;167;494;2692;13.6;5
msi gaming katana gf66;97;73804;210;515;189;98;38;1050;14.23;5
msi gaming katana gf76;34;15398;84;128;49;22;15;298;19.35;5
msi gf63 thin gaming;178;90530;335;608;244;188;156;1531;16.91;5
msi gf75 thin;74;29846;129;297;57;89;57;629;21.07;5
msi gp66 leopard gaming;81;47877;210;327;124;102;25;788;16.46;5
msi gs76 stealth -631;14;5856;14;101;8;14;2;139;23.74;5
msi katana 15 gaming;117;68410;192;473;162;136;166;1129;16.5;5
msi katana 17 gaming;41;18857;51;112;25;39;59;286;15.17;5
msi katana gf66 12ud;1;346;0;8;0;0;0;8;23.12;1
msi katana gf76;23;10769;28;91;20;17;12;168;15.6;5
msi pulse 17 gaming;93;328705;383;509;776;123;107;1898;5.77;5
msi pulse gl66 gaming;51;28735;159;287;109;42;11;608;21.16;5
msi raider ge68hx gaming;4;3767;3;36;2;2;2;45;11.95;5
msi stealth 14 studio;5;3570;5;18;23;11;0;57;15.97;4
msi stealth 15m b12ue;3;909;6;6;3;0;0;15;16.5;3
msi stealth 17 studio;6;4218;2;24;4;13;2;45;10.67;5
msi stealth gs66 gaming;35;24039;31;279;41;33;9;393;16.35;5
msi sword 15 gaming;34;33699;41;125;66;39;15;286;8.49;5
msi vector gp66 gaming;13;6223;14;50;22;11;9;106;17.03;5
msi vector gp68 hx;33;32073;92;249;101;49;23;514;16.03;5
msi vector gp68hx gaming;18;8217;26;82;25;29;3;165;20.08;5
msi vector gp76 gaming;10;9669;49;40;29;20;1;139;14.38;5
