Laptop Name,weights,Colors,sizes,Rating,Discount,Prices
Acer Aspire 7 Intel Core i5 13th Gen 13420H - (16 GB/51...,1.99 Kg,Black,15.6 Inch,"(2,002)",34% off,"₹55,990"
Acer Nitro V Intel Core i5 13th Gen 13420H - (16 GB/512...,2.1 Kg,Shale Black,15.6 Inch,(313),33% off,"₹75,980"
Acer Aspire 7 Intel Core i5 13th Gen 13420H - (16 GB/51...,1.99 Kg,Black,15.6 Inch,"(1,114)",34% off,"₹58,990"
ASUS TUF Gaming A15 AMD Ryzen 7 Octa Core 7435HS - (16 ...,2.30 Kg,Graphite Black,15.6 inch,(929),25% off,"₹56,990"
Lenovo LOQ Intel Core i5 12th Gen 12450HX - (12 GB/512 ...,2.38 kg,Luna Grey,15.6 inch,"(1,395)",28% off,"₹57,490"
Lenovo LOQ AMD Ryzen 5 Quad Core 7235HS - (24 GB/512 GB...,2.38 Kg,Luna Grey,15.6 Inch,(754),21% off,"₹64,990"
ASUS TUF Gaming A15 AMD Ryzen 7 Octa Core 7435HS - (8 G...,2.30 Kg,Graphite Black,15.6 inch,(929),22% off,"₹54,990"
Lenovo LOQ AMD Ryzen 7 Octa Core 7435HS - (24 GB/512 GB...,2.38 Kg,Luna Grey,15.6 Inch,(900),25% off,"₹80,990"
Acer Nitro V AMD Ryzen 7 Octa Core 7735HS - (16 GB/512 ...,2.1 Kg,Obsidian Black,15.6 Inch,(319),22% off,"₹67,990"
DELL G15 Intel Core i5 13th Gen 13450HX - (16 GB/1 TB S...,2.65 Kg,Dark Shadow Gray With Black Thermal Shelf,15.6 inch,(41),29% off,"₹74,990"
Lenovo LOQ Gaming and Creator Laptop Intel Core i7 12th...,1.77 Kg,Luna Grey,15.6 Inch,(7),27% off,"₹68,990"
Lenovo LOQ Intel Core i5 12th Gen 12450HX - (12 GB/512 ...,2.38 kg,Luna Grey,15.6 inch,(418),28% off,"₹59,490"
ASUS TUF Gaming A15 AMD Ryzen 5 Hexa Core 7535HS - (8 G...,2.30 Kg,Graphite Black,15.6 Inch,(5),25% off,"₹52,990"
Acer Aspire 7 Intel Core i5 13th Gen 13420H - (8 GB/512...,1.99 Kg,Black,15.6 Inch,"(2,002)",33% off,"₹52,990"
ASUS TUF Gaming A15 AMD Ryzen 7 Octa Core 7435HS - (16 ...,2.30 Kg,Graphite Black,15.6 inch,(918),25% off,"₹64,990"
MSI Thin 15 Intel Core i5 12th Gen 12450H - (16 GB/512 ...,1.86 Kg,Cosmos Gray,15.6 Inch,(649),27% off,"₹54,990"
HP OMEN Intel Core i7 14th Gen 14650HX - (16 GB/1 TB SS...,2.32 Kg,Shadow Black,16.1 inch,(131),27% off,"₹1,13,990"
DELL G15 Intel Core i5 13th Gen 13450HX - (16 GB/512 GB...,2.65 Kg,Dark Shadow Gray With Black Thermal Shelf,15.6 Inch,(41),22% off,"₹71,990"
Lenovo LOQ AMD Ryzen 5 Quad Core 7235HS - (12 GB/512 GB...,2.38 Kg,Luna Grey,15.6 Inch,(754),31% off,"₹59,990"
HP Victus Intel Core i5 13th Gen 13420H - (16 GB/512 GB...,2.29 Kg,Mica Silver Color,15.6 inch,"(1,213)",19% off,"₹69,990"
Lenovo Lenovo Legion Pro 7 Intel Core i9 14th Gen 14900...,2.62 kg,Eclipse Black,16 Inch,(246),35% off,"₹2,70,190"
HP Omen AMD Ryzen 7 Octa Core 7840HS - (16 GB/1 TB SSD/...,2.37 Kg,Shadow Black,16.1 Inch,"(2,862)",22% off,"₹95,990"
HP Victus Intel Core i5 12th Gen 12450H - (8 GB/512 GB ...,2.3 Kg,Performance Blue,15.6 inch,(9),24% off,"₹54,990"
HP Victus Intel Core i5 13th Gen 13420H - (16 GB/512 GB...,2.29 Kg,Performance Blue,15.6 inch,"(3,723)",21% off,"₹74,990"
Acer Aspire 7 Intel Core i5 12th Gen 12450H - (16 GB/51...,2.1 Kg,Charcoal Black,15.6 Inch,"(1,099)",52% off,"₹47,990"
ASUS TUF Gaming F17 - AI Powered Gaming Intel Core i5 1...,2.60 kg,Graphite Black,17.3 Inch,(44),16% off,"₹65,000"
HP Omen Intel Core i7 13th Gen 13620H - (16 GB/1 TB SSD...,2.32 Kg,Shadow Black,16.1 inch,"(1,277)",22% off,"₹1,07,990"
MSI Thin 15 Intel Core i5 12th Gen 12450H - (16 GB/512 ...,1.86 Kg,Cosmos Grey,15.6 Inch,(554),20% off,"₹69,990"
MSI Thin 15 Intel Core i5 12th Gen 12450H - (16 GB/512 ...,1.86 Kg,Cosmos Gray,15.6 Inch,(5),25% off,"₹52,990"
HP Victus AI Powered AMD Ryzen 7 Octa Core 7840HS - (16...,2.29 kg,Performance Blue,16.1 Inch,(52),20% off,"₹75,990"
MSI Cyborg 15 AI PC Intel Core Ultra 7 155H - (16 GB/1 ...,1.9 Kg,Translucent Black,15.6 Inch,(22),25% off,"₹89,990"
MSI Katana A15 AI AMD Ryzen 7 Octa Core 8845HS - (16 GB...,2.25 Kg,Black,15.6 Inch,(10),27% off,"₹84,990"
Lenovo LOQ Intel Core i5 12th Gen 12450HX - (16 GB/512 ...,2.38 kg,Luna Grey,15.6 Inch,"(3,252)",29% off,"₹67,990"
HP Victus AI AMD Ryzen 5 Hexa Core 8645HS - (16 GB/512 ...,2.29 Kg,Performance Blue,15.6 inch,"(1,538)",21% off,"₹58,990"
Acer Aspire 7 Intel Core i5 12th Gen 1240P - (8 GB/512 ...,2.1 Kg,Black,15.6 inch,(187),49% off,"₹45,690"
Lenovo LOQ Intel Core i5 13th Gen 13450HX - (16 GB/512 ...,2.38 kg,Luna Grey,15.6 Inch,(21),29% off,"₹73,990"
MSI Sword 16 HX Intel Core i7 14th Gen 14700HX - (16 GB...,2.3 Kg,Cosmos Gray,16 Inch,(386),25% off,"₹1,04,990"
MSI AMD Ryzen 7 Octa Core 8840H - (16 GB/512 GB SSD/Win...,2.25 Kg,Black,15.6 Inch,"(2,002)",25% off,"₹89,990"
Acer Nitro V AMD Ryzen 5 Hexa Core 6600H - (16 GB/512 G...,2.1 Kg,Obsidian Black,16 inch,(319),40% off,"₹64,990"
"ASUS Vivobook Pro 15 For Creator, AMD Ryzen 7 Octa Core...",1.8 Kg,Quiet Blue,15.6 Inch,(118),24% off,"₹67,999"
Acer Aspire 7 Intel Core i5 13th Gen 13420H - (16 GB/51...,1.99 Kg,Black,15.6 Inch,(214),22% off,"₹1,07,990"
Acer Nitro V AMD Ryzen 7 Octa Core 7735HS - (16 GB/512 ...,2.1 Kg,Obsidian Black,15.6 Inch,"(1,284)",29% off,"₹67,990"
MSI Cyborg 15 Intel Core i5 12th Gen 12450H - (16 GB/51...,1.98 Kg,Translucent Black,15.6 Inch,"(1,213)",27% off,"₹54,990"
MSI Thin A15 AMD Ryzen 5 Hexa Core 7535HS - (16 GB/512 ...,1.86 Kg,Cosmos Gray,15.6 Inch,(313),22% off,"₹67,990"
Acer Predator Neo Intel Core i7 13th Gen 13700HX - (16 ...,2.6 Kg,Obsidian Black,16 Inch,(754),27% off,"₹84,990"
HP Victus 15 Intel Core i5 13th Gen 13420H - (16 GB/512...,2.3 Kg,Performance Blue,15.6 inch,(3),34% off,"₹55,990"
Acer Nitro V Intel Core i5 13th Gen 13420H - (16 GB/512...,2.1 Kg,Shale Black,15.6 Inch,(7),22% off,"₹67,990"
Lenovo LOQ AMD Ryzen 5 Quad Core 7235HS - (24 GB/512 GB...,2.38 Kg,Luna Grey,15.6 Inch,(7),36% off,"₹56,990"
DELL G15 Intel Core i7 13th Gen 13650HX - (16 GB/512 GB...,2.65 Kg,Dark Shadow Gray With Black Thermal Shelf,15.6 Inch,"(1,395)",27% off,"₹52,990"
Lenovo IdeaPad Gaming 3 Intel Core i5 12th Gen 12450H -...,2.31 Kg,Onyx Grey,15.6 Inch,(717),27% off,"₹1,04,990"
Lenovo LOQ Gaming and Creator Laptop Intel Core i7 12th...,1.77 Kg,Luna Grey,15.6 Inch,(513),24% off,"₹69,990"
Lenovo LOQ Intel Core i5 12th Gen 12450HX - (12 GB/512 ...,2.38 kg,Luna Grey,15.6 inch,(175),33% off,"₹75,980"
Lenovo LOQ Intel Core i5 12th Gen 12450HX - (16 GB/512 ...,2.38 Kg,Luna Grey,15.6 inch,(193),21% off,"₹64,990"
Lenovo IdeaPad Gaming 3 Intel Core i5 12th Gen 12450H -...,2.1 kg,Onyx Grey,15.6 inch,(418),18% off,"₹90,990"
Lenovo Legion 5 Intel Core i7 13th Gen 13650HX - (24 GB...,2.32 Kg,Storm Grey,15.6 Inch,(131),5% off,"₹65,000"
Acer Nitro V AMD Ryzen 7 Octa Core 7735HS - (16 GB/512 ...,2.1 Kg,Obsidian Black,15.6 Inch,(9),27% off,"₹68,990"
Lenovo LOQ Intel Core i5 12th Gen 12450HX - (12 GB/512 ...,2.38 kg,Luna Grey,15.6 inch,(144),28% off,"₹57,490"
HP OMEN Intel Core i7 14th Gen 14650HX - (16 GB/1 TB SS...,2.32 Kg,Shadow Black,16.1 inch,(10),30% off,"₹72,990"
"ASUS TUF Gaming A14 (2024) - AI PC, AMD Ryzen 7 Octa Co...",1.46 Kg,Jaeger Gray,14 Inch,(41),18% off,"₹72,990"
MSI Thin 15 Intel Core i7 12th Gen 12650H - (16 GB/512 ...,1.86 Kg,Cosmos Gray,15.6 Inch,(47),34% off,"₹1,14,990"
HP Victus AI AMD Ryzen 5 Hexa Core 8645HS - (16 GB/512 ...,2.29 Kg,Performance Blue,15.6 inch,(8),23% off,"₹77,990"
DELL G15 Intel Core i5 13th Gen 13450HX - (16 GB/512 GB...,2.65 Kg,Dark Shadow Gray With Black Thermal Shelf,15.6 Inch,(187),28% off,"₹59,490"
MSI Thin A15 AMD Ryzen 5 Hexa Core 7535HS - (16 GB/512 ...,1.86 Kg,Cosmos Gray,15.6 Inch,(100),27% off,"₹1,13,990"
Acer Predator Helios 16 Intel Core i9 14th Gen 14900HX ...,2.65 Kg,Abyssal Black,16 Inch,(246),26% off,"₹1,14,990"
MSI Sword 16 HX Intel Core i7 14th Gen 14700HX - (16 GB...,2.3 Kg,Cosmos Gray,16 Inch,(900),23% off,"₹61,990"
HP Victus Intel Core i5 13th Gen 13420H - (16 GB/512 GB...,2.3 kg,Performance Blue,15.6 inch,(9),21% off,"₹58,990"
Lenovo Lenovo Legion Pro 7 Intel Core i9 14th Gen 14900...,2.62 kg,Eclipse Black,16 Inch,"(1,213)",22% off,"₹71,990"
HP Omen AMD Ryzen 7 Octa Core 7840HS - (16 GB/1 TB SSD/...,2.37 Kg,Shadow Black,16.1 Inch,(9),21% off,"₹61,990"
Lenovo LOQ AMD Ryzen 7 Octa Core 7435HS - (24 GB/512 GB...,2.38 Kg,Luna Grey,15.6 Inch,(136),7% off,"₹2,39,000"
Acer Nitro V Intel Core i7 13th Gen 13620H - (16 GB/512...,2.1 Kg,Obsidian Black,15.6 Inch,(11),25% off,"₹1,04,990"
HP Victus Intel Core i5 13th Gen 13420H - (16 GB/512 GB...,2.29 Kg,Mica Silver Color,15.6 inch,(752),22% off,"₹67,800"
HP Victus Intel Core i5 13th Gen 13420H - (16 GB/512 GB...,2.29 Kg,Performance Blue,15.6 inch,(55),35% off,"₹2,70,190"
MSI GF63 Intel Core i7 12th Gen 12650H - (16 GB/512 GB ...,1.86 Kg,Black,15.6 Inch,(44),22% off,"₹95,990"
MSI Bravo 15 AMD Ryzen 7 Octa Core 7735HS - (16 GB/512 ...,2.35 Kg,Black,15.6 inch,"(1,277)",27% off,"₹89,990"
Acer Predator Neo Intel Core i5 13th Gen 13500HX - (16 ...,2.6 Kg,Obsidian Black,16 Inch,(10),18% off,"₹94,990"
ASUS TUF Gaming A15 AMD Ryzen 7 Octa Core 7435HS - (16 ...,2.20 Kg,Mecha Gray,15.6 Inch,(153),19% off,"₹69,990"
HP Omen Intel Core i7 13th Gen 13620H - (16 GB/1 TB SSD...,2.32 Kg,Shadow Black,16.1 inch,"(2,002)",21% off,"₹74,990"
MSI Thin 15 Intel Core i5 12th Gen 12450H - (16 GB/512 ...,1.86 Kg,Cosmos Gray,15.6 Inch,(313),25% off,"₹82,999"
HP OMEN 16 AMD Ryzen 7 Octa Core 7840HS - (16 GB/512 GB...,2.32 Kg,Shadow Black,16.1 inch,(111),24% off,"₹62,999"
Lenovo LOQ Intel Core i7 13th Gen 13650HX - (16 GB/512 ...,2.38 kg,Luna Grey,15.6 inch,(46),20% off,"₹1,29,999"
Acer Aspire 7 Intel Core i5 13th Gen 13420H - (16 GB/51...,1.99 Kg,Black,15.6 Inch,(10),22% off,"₹94,990"
Acer Nitro V Intel Core i5 13th Gen 13420H - (16 GB/512...,2.1 Kg,Shale Black,15.6 Inch,(6),25% off,"₹1,07,990"
ASUS TUF Gaming A15 AMD Ryzen 7 Octa Core 7435HS - (16 ...,2.20 Kg,Mecha Gray,15.6 Inch,(754),25% off,"₹52,990"
MSI Crosshair 16 HX Intel Core i7 14th Gen 14700HX - (3...,2.5 Kg,Cosmos Gray,16 Inch,(7),30% off,"₹1,07,990"
HP OMEN 16 AMD Ryzen 7 Octa Core 7840HS - (16 GB/512 GB...,2.32 Kg,Shadow Black,16.1 inch,"(3,723)",22% off,"₹84,990"
HP Victus Intel Core i7 13th Gen 13620H - (16 GB/512 GB...,2.29 kg,Performance Blue,15.6 inch,(66),18% off,"₹1,07,990"
Lenovo LOQ AMD Ryzen 5 Quad Core 7235HS - (24 GB/512 GB...,2.38 Kg,Luna Grey,15.6 Inch,(418),22% off,"₹94,990"
Lenovo LOQ Gaming and Creator Laptop Intel Core i7 12th...,1.77 Kg,Luna Grey,15.6 Inch,"(1,395)",22% off,"₹67,990"
Acer Aspire 7 Intel Core i5 12th Gen 12450H - (8 GB/512...,2.1 Kg,Charcoal Black,15.6 Inch,(188),27% off,"₹71,990"
Acer Aspire 5 Gaming Intel Core i5 12th Gen 1240P - (16...,1.8 Kg,Steel Gray,15.6 inch,(227),34% off,"₹1,13,990"
Lenovo LOQ Intel Core i5 12th Gen 12450HX - (12 GB/512 ...,2.38 kg,Luna Grey,15.6 inch,(34),33% off,"₹55,990"
Lenovo LOQ Intel Core i5 12th Gen 12450HX - (12 GB/512 ...,2.38 kg,Luna Grey,15.6 inch,(186),25% off,"₹75,980"
DELL AMD Ryzen 5 Hexa Core AMD R5-6600H - (8 GB/512 GB ...,2.51 Kg,Phantom Grey With Speckles,14.9 inch,(131),17% off,"₹82,990"
ASUS ROG Strix G16 Intel Core i5 13th Gen 13450HX - (16...,2.50 Kg,Gray,16 Inch,(41),25% off,"₹1,59,990"
MSI Katana 17 Intel Core i7 13th Gen 13620H - (16 GB/1 ...,2.6 Kg,Black,17.3 Inch,(45),16% off,"₹1,07,990"
Colorful P15 Intel Core i5 12th Gen 12450H - (16 GB/512...,2.4 Kg,White,15.6 Inch,(66),21% off,"₹93,990"
HP OMEN Intel Core i7 14th Gen 14650HX - (16 GB/1 TB SS...,2.32 Kg,Shadow Black,16.1 inch,(246),27% off,"₹64,990"
DELL G15 Intel Core i5 13th Gen 13450HX - (16 GB/512 GB...,2.65 Kg,Dark Shadow Gray With Black Thermal Shelf,15.6 Inch,(52),47% off,"₹68,990"
Acer Nitro 5 AMD Ryzen 7 Octa Core 7735HS - (16 GB/512 ...,2.5 Kg,Obsidian Black,15.6 Inch,(255),27% off,"₹43,999"
Acer Nitro 5 Intel Core i5 12th Gen 12500H - (8 GB/512 ...,2.5 kg,Obsidian Black,15.6 inch,(525),28% off,"₹64,990"
Lenovo Lenovo Legion Pro 7 Intel Core i9 14th Gen 14900...,2.62 kg,Eclipse Black,16 Inch,(292),28% off,"₹59,490"
HP Omen AMD Ryzen 7 Octa Core 7840HS - (16 GB/1 TB SSD/...,2.37 Kg,Shadow Black,16.1 Inch,"(1,213)",36% off,"₹57,490"
MSI Katana A15 AI AMD Ryzen 7 Octa Core 8845HS - (16 GB...,2.25 Kg,Black,15.6 Inch,(9),25% off,"₹69,500"
Acer Predator Neo Intel Core i7 13th Gen 13700HX - (16 ...,2.6 Kg,Obsidian Black,16 Inch,(16),37% off,"₹94,490"
ASUS TUF Gaming A17 AMD Ryzen 7 Octa Core 4800H - (16 G...,2.6 kg,Gray Metal,17.3 inch,(36),35% off,"₹97,990"
ASUS TUF Gaming F15 with 90WHr Battery Intel H-Series I...,2.20 Kg,Mecha Gray,15.6 Inch,(44),27% off,"₹64,990"
HP Victus Intel Core i5 13th Gen 13420H - (16 GB/512 GB...,2.29 Kg,Mica Silver Color,15.6 inch,(17),22% off,"₹1,13,990"
HP Victus Intel Core i5 13th Gen 13420H - (16 GB/512 GB...,2.29 Kg,Performance Blue,15.6 inch,"(1,675)",6% off,"₹71,990"
HP Victus AMD Ryzen 7 Octa Core 8845HS - (16 GB/1 TB SS...,2.29 Kg,Performance Blue,15.6 Inch,(4),36% off,"₹1,02,999"
Acer Nitro V Intel Core i5 13th Gen 13420H - (16 GB/512...,2.1 kg,Shale Black,15.6 Inch,(83),35% off,"₹63,390"
HP Omen Intel Core i7 13th Gen 13620H - (16 GB/1 TB SSD...,2.32 Kg,Shadow Black,16.1 inch,(5),22% off,"₹2,70,190"
MSI Thin 15 Intel Core i5 12th Gen 12450H - (16 GB/512 ...,1.86 Kg,Cosmos Grey,15.6 Inch,(187),27% off,"₹95,990"
ASUS TUF Gaming A15 AMD Ryzen 7 Octa Core 7435HS - (16 ...,2.30 Kg,Graphite Black,15.6 Inch,"(1,279)",29% off,"₹84,990"
MSI GF63 Thin Intel Core i7 9th Gen 9750H - (8 GB/512 G...,1.86 kg,Black,15.6 inch,"(2,002)",19% off,"₹1,59,999"
MSI Sword 16 HX Intel Core i7 14th Gen 14700HX - (16 GB...,2.3 Kg,Cosmos Gray,16 Inch,(313),21% off,"₹1,13,990"
HP Victus 15 AMD Ryzen 5 Hexa Core 5600H - (16 GB/512 G...,2.37 Kg,Performance Blue,15.6 Inch,"(2,144)",22% off,"₹93,990"
MSI Cyborg 15 AI PC Intel Core Ultra 7 155H - (16 GB/1 ...,1.9 Kg,Translucent Black,15.6 Inch,(955),13% off,"₹69,990"
MSI Sword 16 HX Intel Core i7 14th Gen 14700HX - (16 GB...,2.3 Kg,Cosmos Gray,16 Inch,(62),22% off,"₹74,990"
MSI GF63 Thin Intel Core i5 10th Gen 10300H - (8 GB/1 T...,1.86 KG,Black,15.6 inch,(3),20% off,"₹87,990"
DELL G15 Intel Core i7 13th Gen 13650HX - (16 GB/1 TB S...,2.65 Kg,Dark Shadow Gray With Black Thermal Shelf,15.6 Inch,(754),25% off,"₹79,990"
Acer Aspire 7 Intel Core i5 13th Gen 13420H - (16 GB/51...,1.99 Kg,Black,15.6 Inch,(7),18% off,"₹1,07,990"
Acer Nitro V Intel Core i5 13th Gen 13420H - (16 GB/512...,2.1 Kg,Shale Black,15.6 Inch,(35),22% off,"₹69,990"
ASUS Vivobook Pro 15 AMD Ryzen 7 Octa Core AMD R7-4800H...,1.80 kg,Quiet Blue,15.6 Inch,(13),25% off,"₹57,990"
ASUS Vivobook Pro 15 OLED For Creator AMD Ryzen 5 Hexa ...,1.80 Kg,Cool Silver,15.6 Inch,(418),25% off,"₹1,04,990"
Lenovo Legion Slim 5 AI Powered AMD Ryzen 7 Octa Core 7...,2.4 Kg,Storm Grey,16 inch,"(1,395)",41% off,"₹1,41,990"
DELL Alienware Intel Core i5 12th Gen 12500H - (16 GB/5...,1.84 Kg,Lunar Light,14 Inch,"(2,862)",13% off,"₹53,769"
Lenovo LOQ AMD Ryzen 5 Quad Core 7235HS - (24 GB/512 GB...,2.38 Kg,Luna Grey,15.6 Inch,(806),22% off,"₹89,990"
Lenovo LOQ Gaming and Creator Laptop Intel Core i7 12th...,1.77 Kg,Luna Grey,15.6 Inch,(206),13% off,"₹1,04,990"
ASUS TUF Gaming F15 with 90Whr Battery Intel Core i7 12...,2.20 Kg,Mecha Gray,15.6 Inch,(169),25% off,"₹42,999"
GIGABYTE G Series Intel Core i5 13th Gen 13500H - (16 G...,2.08 Kg,Black,15.6 inch,(131),6% off,"₹1,19,490"
Lenovo LOQ Intel Core i5 12th Gen 12450HX - (12 GB/512 ...,2.38 kg,Luna Grey,15.6 inch,(41),27% off,"₹1,07,990"
Lenovo LOQ Intel Core i5 12th Gen 12450HX - (12 GB/512 ...,2.38 kg,Luna Grey,15.6 inch,(5),34% off,"₹79,990"
HP Victus Intel Core i5 12th Gen - (16 GB/512 GB SSD/Wi...,0,Performance Blue,15.6 inch,(8),33% off,"₹94,490"
Lenovo IdeaPad Gaming 3 AMD Ryzen 7 Octa Core 5800H - (...,2.25 kg,Black,15.6 inch,(246),33% off,"₹1,02,999"
ASUS TUF Gaming F15 with 90WHr Battery Intel H-Series I...,2.20 Kg,Jaeger Gray,15.6 Inch,(25),24% off,"₹84,990"
ASUS Vivobook Gaming Intel Core i7 10th Gen 10870H - (1...,2.14 kg,Star Black,15.6 inch,(11),37% off,"₹55,990"
HP OMEN Intel Core i7 14th Gen 14650HX - (16 GB/1 TB SS...,2.32 Kg,Shadow Black,16.1 inch,(100),21% off,"₹75,980"
DELL G15 Intel Core i5 13th Gen 13450HX - (16 GB/512 GB...,2.65 Kg,Dark Shadow Gray With Black Thermal Shelf,15.6 Inch,(422),27% off,"₹54,999"
MSI Pulse 16 AI PC Intel Core Ultra 7 155H - (16 GB/1 T...,2.5 Kg,Core Black,16 Inch,"(1,213)",28% off,"₹66,999"
MSI Thin A15 AMD Ryzen 7 Octa Core 7735HS - (16 GB/1 TB...,1.86 Kg,Cosmos Gray,15.6 Inch,(9),52% off,"₹1,00,190"
Lenovo Lenovo Legion Pro 7 Intel Core i9 14th Gen 14900...,2.62 kg,Eclipse Black,16 Inch,(44),28% off,"₹1,89,990"
HP Omen AMD Ryzen 7 Octa Core 7840HS - (16 GB/1 TB SSD/...,2.37 Kg,Shadow Black,16.1 Inch,(203),28% off,"₹64,990"
HP OMEN AI PC OLED Intel Core Ultra 7 155H - (16 GB/1 T...,1.63 kg,Shadow Black,14 inch,(530),25% off,"₹68,990"
MSI Thin 15 Intel Core i7 13th Gen 13620H - (16 GB/1 TB...,1.86 Kg,Cosmos Gray,15.6 Inch,(559),25% off,"₹79,990"
Infinix GT Book Intel Core i5 13th Gen 13420H - (16 GB/...,1.99 kg,Silver,16 inch,(165),25% off,"₹69,990"
DELL G3 15 3000 Series Intel Core i5 8th Gen 8300H - (8...,2.53 kg,Black,15.6 inch,(5),29% off,"₹59,490"
HP Victus Intel Core i5 13th Gen 13420H - (16 GB/512 GB...,2.29 Kg,Mica Silver Color,15.6 inch,(52),27% off,"₹57,490"
HP Victus Intel Core i5 13th Gen 13420H - (16 GB/512 GB...,2.29 Kg,Performance Blue,15.6 inch,(7),22% off,"₹56,990"
MSI Creator M16 HX Intel Core i7 14th Gen 14700HX - (32...,2.38 Kg,Lunar Gray,16 Inch,(59),15% off,"₹85,990"
ASUS TUF Gaming A15 AMD Ryzen 7 Octa Core 7435HS - (16 ...,2.3 kg,Graphite Black,15.6 inch,"(2,002)",16% off,"₹1,15,999"
HP Omen Intel Core i7 13th Gen 13620H - (16 GB/1 TB SSD...,2.32 Kg,Shadow Black,16.1 inch,(319),35% off,"₹68,990"
MSI Thin 15 Intel Core i5 12th Gen 12450H - (16 GB/512 ...,1.86 Kg,Cosmos Grey,15.6 Inch,"(1,099)",22% off,"₹1,13,990"
HP Victus Gaming 15-With Backlit Intel Core i7 12th Gen...,0,Mica Silver,15.6 inch,(19),37% off,"₹71,990"
Infinix GT Book Intel Core i5 12th Gen 12450H - (16 GB/...,1.99 kg,Grey,16 inch,"(1,284)",18% off,"₹1,41,990"
HP OMEN Intel Core i5 13th Gen 13420H - (16 GB/512 GB S...,2.32 Kg,Shadow Black,16.1 Inch,(313),42% off,"₹92,990"
"ASUS Vivobook 16X for Creator, Intel Core i7 12th Gen 1...",1.80 Kg,Cool Silver,16 Inch,(754),19% off,"₹2,70,190"
MSI Cyborg 15 AI PC Intel Core Ultra 7 155H - (16 GB/1 ...,1.9 Kg,Translucent Black,15.6 Inch,(454),21% off,"₹95,990"
MSI Katana A15 AI AMD Ryzen 7 Octa Core 8845HS - (16 GB...,2.25 Kg,Black,15.6 Inch,(10),27% off,"₹1,19,900"
"ASUS TUF Gaming A14 (2024) - AI PC, AMD Ryzen AI 9 12 C...",1.46 Kg,Jaeger Gray,14 Inch,(7),25% off,"₹84,990"
MSI Katana 15 Intel Core i7 13th Gen 13620H - (16 GB/1 ...,2.25 Kg,Black,15.6 Inch,(418),22% off,"₹74,990"
Acer Aspire 7 Intel Core i5 13th Gen 13420H - (16 GB/51...,1.99 Kg,Black,15.6 Inch,(607),20% off,"₹85,524"
Acer Nitro V AMD Ryzen 7 Octa Core 7735HS - (16 GB/512 ...,2.1 Kg,Obsidian Black,15.6 Inch,(44),32% off,"₹69,990"
ASUS TUF Gaming F16 Intel Core 5 210H - (16 GB/512 GB S...,2.20 Kg,Mecha Gray,16 Inch,"(3,084)",46% off,"₹74,990"
ASUS TUF Gaming F17 - AI Powered Gaming Intel Core i5 1...,2.60 kg,Graphite Black,17.3 Inch,(7),28% off,"₹1,29,990"
Lenovo IdeaPad Gaming 3 Intel Core i7 12th Gen 12700H -...,2.6 Kg,Onyx Grey,16 Inch,(131),29% off,"₹66,990"
Acer Predator Neo Intel Core i7 13th Gen 13700HX - (16 ...,2.6 Kg,Obsidian Black,16 Inch,(10),25% off,"₹1,07,990"
Acer Nitro V Intel Core i5 13th Gen 13420H - (16 GB/512...,2.1 Kg,Shale Black,15.6 Inch,(20),27% off,"₹69,990"
Lenovo LOQ AMD Ryzen 5 Quad Core 7235HS - (24 GB/512 GB...,2.38 Kg,Luna Grey,15.6 Inch,(41),16% off,"₹74,590"
Lenovo IdeaPad Gaming 3 Intel Core i5 11th Gen 11300H -...,2.25 Kg,Shadow Black,15.6 Inch,(246),33% off,"₹53,990"
HP OMEN 16 AMD Ryzen 7 Octa Core 7840HS - (16 GB/512 GB...,2.32 Kg,Shadow Black,16.1 inch,(53),22% off,"₹84,990"
Lenovo LOQ Gaming and Creator Laptop Intel Core i7 12th...,1.77 Kg,Luna Grey,15.6 Inch,"(4,314)",42% off,"₹71,999"
Lenovo LOQ Intel Core i5 12th Gen 12450HX - (12 GB/512 ...,2.38 kg,Luna Grey,15.6 inch,"(1,046)",25% off,"₹89,990"
HP Victus Intel Core i5 12th Gen 12450H - (16 GB/512 GB...,2.37 Kg,Blue,15.6 Inch,(6),25% off,"₹84,990"
HP Omen Intel Core i7 13th Gen 13620H - (16 GB/1 TB SSD...,2.32 Kg,Shadow Black,16.1 inch,"(1,213)",27% off,"₹1,71,177"
ASUS TUF Gaming F15 with 90WHr Battery Intel Core i5 11...,2.30 Kg,Graphite Black,15.6 Inch,"(1,395)",34% off,"₹1,09,990"
Lenovo IdeaPad Gaming 3 Intel Core i5 12th Gen 12450H -...,2.31 Kg,Onyx Grey,15.6 Inch,(227),22% off,"₹1,07,990"
HP OMEN Intel Core i7 14th Gen 14650HX - (16 GB/1 TB SS...,2.32 Kg,Shadow Black,16.1 inch,(337),25% off,"₹74,990"
HP Victus AI AMD Ryzen 5 Hexa Core 8645HS - (16 GB/512 ...,2.29 Kg,Performance Blue,15.6 inch,(9),16% off,"₹56,990"
MSI AMD Ryzen 5 Hexa Core 7535HS - (16 GB/512 GB SSD/Wi...,1.86 Kg,Cosmos Gray,15.6 Inch,(291),39% off,"₹1,15,999"
Lenovo IdeaPad Gaming Backlit AMD Ryzen 7 Octa Core 773...,2.32 Kg,Onyx Grey,15.6 Inch,"(1,664)",21% off,"₹84,990"
DELL G15 Intel Core i5 13th Gen 13450HX - (16 GB/512 GB...,2.65 Kg,Dark Shadow Gray With Black Thermal Shelf,15.6 Inch,(150),33% off,"₹55,990"
HP Omen AMD Ryzen 7 Octa Core 7840HS - (16 GB/1 TB SSD/...,2.37 Kg,Shadow Black,16.1 Inch,(5),21% off,"₹67,990"
HP Victus AMD Ryzen 7 Octa Core 5800H - (16 GB/512 GB S...,2.37 kg,Mica Silver,15.6 inch,(726),32% off,"₹71,990"
Lenovo i5 H Series Intel Core i5 11th Gen 11320H - (8 G...,2.25 kg,Shadow Black,15.6 Inch,(25),25% off,"₹65,000"
Lenovo IdeaPad Gaming 3 Intel Core i5 11th Gen 11300H -...,2.25 kg,Shadow Black,15.6 Inch,(87),27% off,"₹92,999"
MSI Claw A1M AI PC Intel Core Ultra 7 155H - (16 GB/1 T...,0.675 Kg,Black,7 Inch,(726),28% off,"₹1,09,990"
HP Victus Intel Core i5 13th Gen 13420H - (16 GB/512 GB...,2.29 Kg,Mica Silver Color,15.6 inch,(20),8% off,"₹75,980"
Lenovo LOQ Intel Core i5 12th Gen 12450HX - (12 GB/512 ...,2.38 kg,Luna Grey,15.6 inch,"(3,723)",22% off,"₹64,990"
ASUS ROG Strix G16 Intel Core i5 13th Gen 13450HX - (16...,2.50 Kg,Gray,16 Inch,(41),31% off,"₹71,990"
HP Victus AMD Ryzen 5 Hexa Core 7535HS - (8 GB/512 GB S...,2.37 Kg,Mica Silver,15.6 Inch,(726),5% off,"₹1,07,990"
HP Victus Intel Core i5 13th Gen 13420H - (16 GB/512 GB...,2.29 Kg,Performance Blue,15.6 inch,(337),27% off,"₹68,990"
Lenovo Lenovo Legion Pro 7 Intel Core i9 14th Gen 14900...,2.62 kg,Eclipse Black,16 Inch,(139),21% off,"₹59,490"
Lenovo IdeaPad Gaming 3 AMD Ryzen 5 Hexa Core AMD R5-56...,2.25 kg,Shadow Black,15.6 inch,(217),27% off,"₹73,490"
HP Pavilion Gaming AMD Ryzen 5 Hexa Core AMD R5-4600H -...,2.04 kg,Shadow Black,15.6 inch,(7),39% off,"₹1,07,990"
MSI Intel Core i5 12th Gen 12450H - (16 GB/512 GB SSD/W...,1.98 Kg,Translucent Black,15 Inch,(14),22% off,"₹61,480"
Acer Aspire 7 Intel Core i7 9th Gen 9750H - (8 GB/512 G...,2.15 kg,Charcoal Black,15.6 inch,(919),22% off,"₹65,000"
MSI Thin 15 Intel Core i5 12th Gen 12450H - (16 GB/512 ...,1.86 Kg,Cosmos Grey,15.6 Inch,(529),15% off,"₹1,13,990"
MSI Cyborg 15 AI PC Intel Core Ultra 7 155H - (16 GB/1 ...,1.9 Kg,Translucent Black,15.6 Inch,(47),28% off,"₹58,990"
Acer Nitro 5 Intel Core i5 12th Gen 12450H - (8 GB/512 ...,2.5 kg,Obsidian Black,15.6 inch,(322),37% off,"₹54,990"
HP OMEN AI PC Intel Core Ultra 7 155H - (16 GB/1 TB SSD...,1.63 kg,Ceramic White,14 Inch,(374),50% off,"₹64,990"
HP Victus AMD Ryzen 5 Hexa Core 5600H - (8 GB/512 GB SS...,2.37 kg,Mica Silver,15.6 inch,(513),19% off,"₹71,990"
Acer Nitro 5 Intel Core i5 12th Gen 12450H - (16 GB/512...,2.5 kg,Obsidian Black,15.6 inch,"(1,279)",28% off,"₹95,990"
HP Victus Intel Core i7 12th Gen 12650H - (16 GB/512 GB...,2.37 kg,Mica Silver,15.6 Inch,(760),25% off,"₹85,990"
Acer Aspire 7 Intel Core i5 12th Gen 12450H - (16 GB/51...,2.1 Kg,Charcoal Black,15.6 Inch,"(2,389)",21% off,"₹58,000"
Lenovo IdeaPad Gaming 3 Intel Intel Core i5 12th Gen 12...,2.3 kg,Onyx_grey,15.6 inch,(124),21% off,"₹52,990"
DELL G15 Intel Core i5 13th Gen 13450HX - (16 GB/1 TB S...,2.65 Kg,Dark Shadow Gray With Black Thermal Shelf,15.6 inch,(98),35% off,"₹49,990"
Acer Nitro 5 Intel Core i5 12th Gen 12450H - (8 GB/512 ...,2.5 kg,Obsidian Black,15.6 inch,"(1,863)",26% off,"₹69,990"
HP Victus AMD Ryzen 5 Hexa Core 7535HS - (8 GB/512 GB S...,2.37 Kg,Mica Silver,15.6 Inch,(806),36% off,"₹57,490"
Colorful XS Series Intel Core i5 12th Gen 12500H - (16 ...,1.99 Kg,Grey,15.6 Inch,(374),20% off,"₹94,490"
Lenovo IdeaPad Gaming Backlit AMD Ryzen 5 Hexa Core 753...,2.32 Kg,Onyx Grey,15.6 Inch,(8),25% off,"₹56,990"
DELL G15-5530 Intel Core i5 13th Gen 13450HX - (8 GB/51...,2.65 kg,Dark Shadow Gray,15.6 inch,(9),40% off,"₹74,990"
DELL G15-5530 Intel Core i7 13th Gen 13650HX - (16 GB/1...,2.65 kg,Dark Shadow Gray With Black Thermal Shelf,15.6 inch,(34),11% off,"₹2,70,190"
Lenovo LOQ Intel Core i5 12th Gen 12450H - (16 GB/512 G...,2.4 kg,Storm Grey,15.6 Inch,(4),22% off,"₹95,790"
ASUS Vivobook Gaming Intel Core i5 9th Gen 9300H - (8 G...,2.14 kg,Star Black,15.6 inch,(14),21% off,"₹49,999"
Lenovo IdeaPad Gaming 3 Intel Intel Core i5 11th Gen 11...,2.25 kg,Shadow Black,15.6 inch,"(1,211)",28% off,"₹58,990"
Lenovo LOQ Intel Core i5 12th Gen 12450H - (16 GB/512 G...,2.4 Kg,Storm Grey,15.6 inch,(17),28% off,"₹99,999"
Lenovo LOQ Intel Core i7 13th Gen 13620H - (16 GB/512 G...,2.4 kg,Storm Grey,15.6 Inch,(59),24% off,"₹69,990"
Lenovo IdeaPad Gaming 3 Intel Core i5 12th Gen 12450H -...,2.1 kg,Onyx Grey,15.6 inch,"(1,675)",23% off,"₹89,990"
MSI GF63 Thin Intel Core i5 10th Gen 10300H - (8 GB/1 T...,1.86 KG,Black,15.6 inch,"(4,406)",52% off,"₹57,990"
HP Victus AMD Ryzen 5 Hexa Core 5600H - (16 GB/512 GB S...,2.37 Kg,Performance Blue,15.6 Inch,"(2,002)",19% off,"₹1,70,990"
MSI GL Series Intel Core i5 8th Gen 8300H - (8 GB/1 TB ...,2.2 kg,Black,15.6 inch,(319),29% off,"₹1,07,990"
Lenovo IdeaPad Gaming 3 Intel Intel Core i5 11th Gen 11...,2.25 kg,Shadow Black,15.6 inch,(177),40% off,"₹95,790"
Lenovo IdeaPad Gaming 3 AMD Ryzen 5 Quad Core 5500H - (...,2.25 Kg,Shadow Black,15.6 inch,(45),21% off,"₹99,999"
ASUS VivoBook Gaming Intel Core i5 8th Gen 8300H - (8 G...,2.14 kg,Star Black,15.6 inch,(8),42% off,"₹1,09,990"
Lenovo IdeaPad Gaming 3 AMD Ryzen 7 Octa Core AMD R7-58...,2.25 Kg,Shadow Black,15.6 inch,(754),23% off,"₹58,000"
Lenovo LOQ Intel Core i7 13th Gen 13620H - (16 GB/512 G...,2.4 kg,Storm Grey,15.6 Inch,(7),23% off,"₹60,500"
HP AMD Ryzen 5 Hexa Core 7535HS - (8 GB/512 GB SSD/Wind...,0,Performance Blue,15.6 inch,"(1,863)",30% off,"₹68,990"
"ASUS TUF Gaming A14 (2024) - AI PC, AMD Ryzen 7 Octa Co...",1.46 Kg,Jaeger Gray,14 Inch,(418),32% off,"₹86,990"
MSI Katana 17 Intel Core i7 13th Gen 13620H - (16 GB/1 ...,2.6 Kg,Black,17.3 Inch,(131),25% off,"₹47,990"
MSI Vector 17 HX Intel Core i9 14th Gen 14900HX - (32 G...,3.0 Kg,Cosmos Gray,17 Inch,(7),28% off,"₹89,590"
ASUS ROG Strix SCAR 17 with 90WHr Battery AMD Ryzen 9 O...,3.00 Kg,Off Black,17.3 Inch,(10),36% off,"₹74,990"
ASUS AMD Ryzen 7 Quad Core 10th Gen - (16 GB/1 TB SSD/W...,0,White,14 inch,(41),32% off,"₹57,990"
ASUS ROG Zephyrus G14 with 76WHr Battery AMD Ryzen 9 Oc...,1.70 Kg,Moonlight White AniMe Matrix Version,14 Inch,(5),18% off,"₹56,990"
MSI GF63 Thin Intel Core i7 10th Gen 10750H - (8 GB/1 T...,1.86 KG,Black,15.6 inch,(246),41% off,"₹51,990"
ASUS ROG Zephyrus M16 Intel Core i7 11th Gen - (16 GB/1...,1.9 kg,Off Black,16 inch,"(1,213)",15% off,"₹68,999"
DELL G15 Intel Core i7 13th Gen 13650HX - (16 GB/1 TB S...,2.65 Kg,Dark Shadow Gray With Black Thermal Shelf,15.6 inch,(529),21% off,"₹73,990"
MSI Thin 15 Intel Core i7 13th Gen 13620H - (16 GB/512 ...,1.86 Kg,Cosmos Gray,15.6 Inch,(688),35% off,"₹92,490"
MSI Katana 17 Intel Core i7 13th Gen 13620H - (16 GB/1 ...,2.6 Kg,Black,17.3 Inch,"(1,395)",34% off,"₹67,490"
MSI GF63 Thin Intel Core i7 9th Gen 9750H - (8 GB/512 G...,1.86 kg,Black,15.6 inch,(9),38% off,"₹57,990"
MSI GF63 Thin Intel Core i5 9th Gen 9300H - (8 GB/512 G...,1.86 kg,Black,15.6 inch,(422),23% off,"₹66,990"
Acer Aspire 7 Intel Core i5 13th Gen 13420H - (16 GB/51...,1.99 Kg,Black,15.6 Inch,(26),26% off,"₹83,190"
Acer Nitro V AMD Ryzen 7 Octa Core 7735HS - (16 GB/512 ...,2.1 Kg,Obsidian Black,15.6 Inch,(44),26% off,"₹89,990"
DELL G15 Intel Core i5 12th Gen 12500H - (8 GB/512 GB S...,2.57 kg,Dark Shadow Grey,15.6 Inch,(158),37% off,"₹72,990"
DELL G15 Intel Core i7 12th Gen 12700H - (16 GB/512 GB ...,2.57 kg,Dark Shadow Grey,15.6 Inch,(772),20% off,"₹42,999"
DELL G15 Intel Core i7 13th Gen 13650HX - (16 GB/1 TB S...,2.65 Kg,Dark Shadow Gray With Black Thermal Shelf,15.6 inch,(3),33% off,"₹66,990"
HP AMD Ryzen 5 Hexa Core 7535HS - (8 GB/512 GB SSD/Wind...,0,Performance Blue,15.6 inch,(322),43% off,"₹54,999"
Lenovo LOQ AMD Ryzen 5 Quad Core 7235HS - (24 GB/512 GB...,2.38 Kg,Luna Grey,15.6 Inch,(5),53% off,"₹59,990"
Lenovo LOQ Gaming and Creator Laptop Intel Core i7 12th...,1.77 Kg,Luna Grey,15.6 Inch,(118),19% off,"₹51,430"
ASUS VivoBook Gaming Intel Core i5 8th Gen 8300H - (8 G...,2.14 kg,Star Black,15.6 inch,(36),49% off,"₹68,900"
MSI Pulse 16 AI PC Intel Core Ultra 9 185H - (32 GB/1 T...,2.5 Kg,Core Black,16 Inch,"(2,002)",10% off,"₹63,390"
Lenovo LOQ Intel Core i5 12th Gen 12450HX - (12 GB/512 ...,2.38 kg,Luna Grey,15.6 inch,(319),17% off,"₹1,06,990"
HP OMEN Intel Core i7 14th Gen 14650HX - (16 GB/1 TB SS...,2.32 Kg,Shadow Black,16.1 inch,(3),36% off,"₹52,990"
MSI Pulse 16 AI PC Intel Core Ultra 7 155H - (32 GB/1 T...,2.5 Kg,Core Black,16 Inch,"(13,085)",47% off,"₹1,14,990"
MSI Pulse 17 AI PC Intel Core Ultra 7 155H - (16 GB/1 T...,2.8 Kg,Core Black,17 Inch,(582),35% off,"₹97,990"
DELL G15-5530 Intel Core i5 13th Gen 13450HX - (8 GB/51...,2.65 kg,Dark Shadow Gray,15.6 inch,(183),29% off,"₹2,54,990"
MSI Stealth 16 AI Studio Intel Core Ultra 9 185H - (32 ...,1.99 Kg,Star Blue,16 Inch,(754),23% off,"₹2,14,556"
HP Victus AI AMD Ryzen 5 Hexa Core 8645HS - (16 GB/512 ...,2.29 Kg,Performance Blue,15.6 inch,(7),52% off,"₹1,13,999"
DELL G15 Intel Core i5 13th Gen 13450HX - (16 GB/512 GB...,2.65 Kg,Dark Shadow Gray With Black Thermal Shelf,15.6 Inch,(418),34% off,"₹83,999"
MSI Pulse 16 AI PC Intel Core Ultra 7 155H - (16 GB/1 T...,2.5 Kg,Core Black,16 Inch,(131),22% off,"₹67,999"
MSI Pulse 17 AI Intel Core Ultra 9 185H - (32 GB/1 TB S...,2.8 Kg,Core Black,17 Inch,(122),6% off,"₹98,999"
HP Omen AMD Ryzen 7 Octa Core 7840HS - (16 GB/1 TB SSD/...,2.37 Kg,Shadow Black,16.1 Inch,(4),7% off,"₹1,11,990"
HP Victus Intel Core i5 13th Gen 13420H - (16 GB/512 GB...,2.29 Kg,Mica Silver Color,15.6 inch,(10),10% off,"₹82,990"
MSI Raider GE68 HX Intel Core i9 14th Gen 14900HX - (32...,2.75 Kg,Core Black,16 inch,(41),26% off,"₹1,04,990"
ASUS Vivobook Gaming Intel Core i5 9th Gen 9300H - (8 G...,2.14 kg,Star Black,15.6 inch,(55),21% off,"₹1,04,990"
ASUS AMD Ryzen 7 Octa Core 10th Gen 5800H - (16 GB/512 ...,0,Cool Silver,15.6 inch,"(1,283)",27% off,"₹49,999"
HP Victus Gaming AMD Ryzen 5 Hexa Core 5600H - (8 GB/51...,2.37 Kg,Mica Silver,15.6 Inch,(246),18% off,"₹59,990"
Lenovo LOQ Intel Core i5 12th Gen 12450HX - (12 GB/512 ...,2.38 kg,Luna Grey,15.6 inch,"(1,213)",28% off,"₹74,990"
HP Victus Intel Core i5 13th Gen 13420H - (16 GB/512 GB...,2.29 Kg,Performance Blue,15.6 inch,(18),27% off,"₹68,900"
DELL G3 15 3000 Series Intel Core i5 8th Gen 8300H - (8...,2.53 kg,Black,15.6 inch,(11),15% off,"₹86,990"
DELL G15-5530 Intel Core i5 13th Gen 13450HX - (16 GB/5...,2.65 kg,Dark Shadow Gray With Black Thermal Shelf,15.6 inch,"(1,395)",17% off,"₹47,990"
HP Omen Intel Core i7 13th Gen 13620H - (16 GB/1 TB SSD...,2.32 Kg,Shadow Black,16.1 inch,(9),22% off,"₹55,990"
Lenovo Lenovo Legion Pro 7 Intel Core i9 14th Gen 14900...,2.62 kg,Eclipse Black,16 Inch,(3),21% off,"₹67,990"
HP Omen Intel Core i7 13th Gen 13700HX - (16 GB/512 GB ...,2.35 kg,Shadow Black,16.1 Inch,(44),21% off,"₹88,990"
Lenovo IdeaPad Gaming 3 Intel Core i5 10th Gen 10300H -...,2.2 kg,Onyx Black,15.6 inch,(4),22% off,"₹1,15,990"
ASUS Vivobook Pro 15 OLED AMD Ryzen 5 Hexa Core AMD Ryz...,1.65 kg,Blue,15.6 inch,(20),15% off,"₹1,11,990"
Lenovo LOQ Intel Core i5 12th Gen 12450H - (16 GB/512 G...,2.4 kg,Storm Grey,15.6 Inch,(853),20% off,"₹52,990"
MSI Thin 15 Intel Core i5 12th Gen 12450H - (16 GB/512 ...,1.86 Kg,Cosmos Grey,15.6 Inch,(5),22% off,"₹64,990"
MSI Cyborg 15 AI PC Intel Core Ultra 7 155H - (16 GB/1 ...,1.9 Kg,Translucent Black,15.6 Inch,(197),19% off,"₹68,990"
MSI Cyborg 15 Intel Core i5 12th Gen 12450H - (16 GB/51...,1.98 Kg,Translucent Black,15.6 Inch,(158),18% off,"₹68,900"
DELL G3 Intel Core i7 10th Gen 10750H - (16 GB/512 GB S...,2.3 kg,Black,15.6 inch,"(2,002)",25% off,"₹1,69,990"
Acer Aspire 7 Intel Core i5 13th Gen 13420H - (16 GB/51...,1.99 Kg,Black,15.6 Inch,(319),25% off,"₹59,490"
Acer Nitro V AMD Ryzen 7 Octa Core 7735HS - (16 GB/512 ...,2.1 Kg,Obsidian Black,15.6 Inch,(157),15% off,"₹1,13,990"
ASUS Vivobook Pro 15 OLED AMD Ryzen 5 Dual Core 10th Ge...,1.65 kg,Silver,15.6 inch,(87),28% off,"₹1,59,990"
Acer Predator Helios 300 Intel Core i5 8th Gen 8300H - ...,2.5 kg,Obsidian Black,15.6 inch,(124),21% off,"₹1,59,990"
MSI GF65 Thin Intel Hexa Core i5 10th Gen 10500H - (16 ...,1.86 KG,Black,15.6 inch,"(1,89,629)",19% off,"₹75,000"
MSI Pulse GL66 Intel Core i7 11th Gen 11800H - (16 GB/1...,2.25 kg,Grey,15.6 inches,(754),22% off,"₹2,20,990"
Lenovo LOQ AMD Ryzen 5 Quad Core 7235HS - (24 GB/512 GB...,2.38 Kg,Luna Grey,15.6 Inch,(3),35% off,"₹58,990"
Lenovo LOQ Gaming and Creator Laptop Intel Core i7 12th...,1.77 Kg,Luna Grey,15.6 Inch,(181),12% off,"₹71,990"
MSI Katana GF66 Intel Core i5 12th Gen 12450H - (8 GB/5...,2.25 Kg,Black,15.6 Inch,"(1,30,869)",33% off,"₹1,41,990"
MSI Katana A17 AI AMD Ryzen 9 Octa Core 8945HS - (16 GB...,2.7 Kg,Black,17.3 Inch,(7),21% off,"₹1,74,990"
Lenovo LOQ Intel Core i5 12th Gen 12450HX - (12 GB/512 ...,2.38 kg,Luna Grey,15.6 inch,(287),25% off,"₹95,990"
HP OMEN Intel Core i7 14th Gen 14650HX - (16 GB/1 TB SS...,2.32 Kg,Shadow Black,16.1 inch,"(1,102)",20% off,"₹69,990"
"ASUS Vivobook 16X For Creator, Intel H Series Intel Cor...",1.80 Kg,Indie Black,16 Inch,(4),25% off,"₹2,45,990"
Lenovo Legion 7i Intel Core i7 10th Gen 10875H - (16 GB...,2.25 kg,Slate Grey,15.6 inch,(7),36% off,"₹57,990"
MSI AMD Ryzen 7 Octa Core 8840H - (16 GB/512 GB SSD/Win...,2.25 Kg,Black,15.6 Inch,"(3,64,337)",22% off,"₹64,800"
HP Omen Intel Core i5 7th Gen 7300HQ - (8 GB/1 TB HDD/1...,2.6 kg,SHadow Black,15.6 inch,(418),22% off,"₹56,400"
HP Victus AI AMD Ryzen 5 Hexa Core 8645HS - (16 GB/512 ...,2.29 Kg,Performance Blue,15.6 inch,(6),22% off,"₹57,490"
DELL G15 Intel Core i5 13th Gen 13450HX - (16 GB/512 GB...,2.65 Kg,Dark Shadow Gray With Black Thermal Shelf,15.6 Inch,(6),27% off,"₹74,990"
Colorful Evol P15 Intel Core i7 13th Gen 13620H - (16 G...,2.4 Kg,Mist White,15.6 Inch,(131),34% off,"₹85,524"
ASUS TUF Gaming A17 with 90Whr Battery AMD Ryzen 7 Octa...,2.60 Kg,Graphite Black,17.3 Inch,(10),22% off,"₹80,990"
HP Omen AMD Ryzen 7 Octa Core 7840HS - (16 GB/1 TB SSD/...,2.37 Kg,Shadow Black,16.1 Inch,(518),41% off,"₹1,07,990"
HP Victus Intel Core i5 13th Gen 13420H - (16 GB/512 GB...,2.29 Kg,Mica Silver Color,15.6 inch,(19),24% off,"₹2,70,190"
MSI Titan GT77 Intel Core i9 13th Gen 13980HX - (64 GB/...,3.3 Kg,Core Black,17.3 Inch,(372),26% off,"₹1,11,990"
HP OMEN Intel Core i7 14th Gen 14700HX - (16 GB/1 TB SS...,2.32 Kg,Shadow Black,16.1 Inch,(39),21% off,"₹56,999"
ASUS ROG Strix SCAR 15 (2021) AMD Ryzen 9 Octa Core 590...,2.30 KG,Black,15.6 inch,(41),27% off,"₹68,470"
Lenovo Legion Slim 5 AMD Ryzen 7 Octa Core 8845HS - (16...,2.3 Kg,Luna Grey,16 Inch,(246),37% off,"₹92,999"
Lenovo LOQ Intel Core i5 12th Gen 12450HX - (12 GB/512 ...,2.38 kg,Luna Grey,15.6 inch,(167),5% off,"₹69,990"
HP Victus Intel Core i5 13th Gen 13420H - (16 GB/512 GB...,2.29 Kg,Performance Blue,15.6 inch,"(1,213)",28% off,"₹89,990"
DELL Alienware Intel Core i7 13th Gen 13650HX - (16 GB/...,3.25 Kg,Dark Metallic Moon,15.6 Inch,"(21,968)",27% off,"₹56,990"
DELL Alienware Intel Core i5 12th Gen 12500H - (16 GB/5...,1.84 Kg,Lunar Light,14 Inch,(72),27% off,"₹1,12,516"
HP Omen Intel Core i7 13th Gen 13620H - (16 GB/1 TB SSD...,2.32 Kg,Shadow Black,16.1 inch,(749),58% off,"₹1,07,990"
Lenovo Lenovo Legion Pro 7 Intel Core i9 14th Gen 14900...,2.62 kg,Eclipse Black,16 Inch,(407),25% off,"₹68,900"
HP Intel Core 5 13th Gen - (16 GB/512 GB SSD/Windows 11...,0,Navy Blue,15.6 inch,"(1,395)",10% off,"₹67,990"
HP Victus AMD Ryzen 7 Octa Core 5800H - (16 GB/1 TB SSD...,2.48 kg,Mica Silver,16.1 inch,(9),21% off,"₹71,990"
HP Victus AMD Ryzen 7 Octa Core 5800H - (16 GB/512 GB S...,2.48 kg,Mica Silver,16.1 inch,(21),22% off,"₹1,13,990"
Acer Nitro 5 Intel Core i5 7th Gen 7300HQ - (8 GB/1 TB ...,2.7 kg,Black,15.6 inch,(66),39% off,"₹55,990"
MSI Thin 15 Intel Core i5 12th Gen 12450H - (16 GB/512 ...,1.86 Kg,Cosmos Grey,15.6 Inch,"(2,002)",22% off,"₹67,990"
MSI Cyborg 15 AI PC Intel Core Ultra 7 155H - (16 GB/1 ...,1.9 Kg,Translucent Black,15.6 Inch,(319),19% off,"₹64,990"
ASUS Vivobook Pro 15 OLED Intel Core i5 12th Gen 12450H...,1.80 kg,Quiet Blue,15.6 Inch,(879),29% off,"₹99,999"
MSI GP66 Leopard Intel Core i7 11th Gen 11800H - (16 GB...,2.38 kg,Black,15.6 inch,(21),25% off,"₹80,999"
Acer Aspire 7 Intel Core i5 13th Gen 13420H - (16 GB/51...,1.99 Kg,Black,15.6 Inch,(7),28% off,"₹1,02,999"
Acer Nitro V AMD Ryzen 7 Octa Core 7735HS - (16 GB/512 ...,2.1 Kg,Obsidian Black,15.6 Inch,(114),28% off,"₹64,990"
MSI GS66 Intel Core i7 11th Gen 11800H - (16 GB/1 TB SS...,2.1 Kg,Black,15.6 inch,"(1,89,629)",21% off,"₹68,990"
HP Victus 15 AMD Ryzen 5 Hexa Core 5600H - (8 GB/512 GB...,2.37 Kg,Silver,15.6 Inch,(754),40% off,"₹59,999"
Lenovo Legion 5 Intel Core i7 11th Gen 11800H - (16 GB/...,2.4 Kg,Phantom Blue,15.6 inch,(332),22% off,"₹1,39,990"
Lenovo IdeaPad Gaming 3 Intel Intel Core i5 11th Gen 11...,2.25 kg,Shadow Black,15.6 inch,(806),35% off,"₹59,490"
"Boult W20 with Zen ENC Mic, 40H Battery Life, Low Laten...",0,True Wireless,Glacier Blue,"(1,30,869)",16% off,"₹1,13,990"
Lenovo LOQ AMD Ryzen 5 Quad Core 7235HS - (24 GB/512 GB...,2.38 Kg,Luna Grey,15.6 Inch,(7),26% off,"₹88,990"
Lenovo Legion Pro 5 AMD Ryzen 9 16 Core 7945HX - (32 GB...,2.5 Kg,Onyx Grey,16 Inch,(919),17% off,"₹1,43,999"
Lenovo IdeaPad Gaming 3 AMD Ryzen 7 Octa Core AMD R7-58...,0,Shadow Black,15.6 Inch,"(2,238)",10% off,"₹89,990"
"Boult Astra with Quad Mic ENC, 48Hrs Battery, Low Laten...",0,True Wireless,White Opal,(418),20% off,"₹91,999"
Lenovo LOQ Gaming and Creator Laptop Intel Core i7 12th...,1.77 Kg,Luna Grey,15.6 Inch,"(3,64,337)",25% off,"₹58,990"
Lenovo Lenovo IdeaPad Gaming 3 Intel Intel Core i5 11th...,2.25 kg,Shadow Black,15.6 inch,(16),23% off,"₹71,990"
Acer Nitro 5 AMD Ryzen 5 Quad Core 3550H - (8 GB/1 TB H...,2.3 kg,Obsidian Black,15.6 inch,(1),32% off,"₹84,990"
ASUS AMD Ryzen 7 Octa Core 7435HS - (16 GB/512 GB SSD/W...,2.30 Kg,Graphite Black,15.6 Inch,(131),22% off,"₹94,990"
DELL G15 AMD Ryzen 7 Octa Core 5800H - (16 GB/512 GB SS...,2.4 kg,Phantom Grey,15.6 Inch,(10),22% off,"₹95,990"
"Boult Z40 with Zen ENC Mic, 60H Battery Life, Low Laten...",0,In the Ear,Blue,(10),39% off,"₹69,990"
Lenovo LOQ Intel Core i5 12th Gen 12450HX - (12 GB/512 ...,2.38 kg,Luna Grey,15.6 inch,(206),26% off,"₹3,86,999"
DELL AMD Ryzen 7 Octa Core 5800H - (16 GB/512 GB SSD/Wi...,2.57 Kg,Phantom Grey With Speckles,15.6 inch,(41),34% off,"₹1,36,990"
Acer Aspire 5 Intel Core i5 13th Gen - (8 GB/512 GB SSD...,1.78 kg,Steel Gray,15.6 inch,(246),22% off,"₹2,27,990"
HP OMEN Intel Core i7 14th Gen 14650HX - (16 GB/1 TB SS...,2.32 Kg,Shadow Black,16.1 inch,(11),52% off,"₹1,41,990"
HP Victus AI AMD Ryzen 5 Hexa Core 8645HS - (16 GB/512 ...,2.29 Kg,Performance Blue,15.6 inch,(82),9% off,"₹57,490"
ASUS TUF Gaming F15 Intel Core i7 11th Gen 11800H - (16...,2.30 kg,Graphite Black,15.6 inch,"(1,213)",13% off,"₹74,990"
Lenovo IdeaPad Gaming 3 AMD Ryzen 5 Hexa Core 5600H - (...,2.25 kg,Shadow Black,15.6 inch,"(21,968)",43% off,"₹1,34,991"
Lenovo IdeaPad Gaming 3 AMD Ryzen 5 Hexa Core 6600H - (...,2.32 kg,Onyx Grey,15.6 inch,"(1,395)",68% off,"₹1,89,990"
Lenovo Lenovo Legion 5 AMD Ryzen 7 Octa Core 5800H - (1...,2.4 kg,Phantom Blue,15.6 inch,(9),21% off,"₹1,07,990"
DELL G15 Intel Core i5 13th Gen 13450HX - (16 GB/512 GB...,2.65 Kg,Dark Shadow Gray With Black Thermal Shelf,15.6 Inch,"(2,002)",28% off,"₹2,70,190"
HP Omen AMD Ryzen 7 Octa Core 7840HS - (16 GB/1 TB SSD/...,2.37 Kg,Shadow Black,16.1 Inch,(319),40% off,"₹79,590"
Lenovo Legion 5 AMD Ryzen 7 Octa Core 5800H - (16 GB/51...,2.4 kg kg,Phantom Blue (Top),15.6 Inch,(2),68% off,"₹88,990"
MSI Stealth 16 Studio AI PC Intel Core Ultra 7 155H - (...,1.99 Kg,Star Blue,16 inch,(13),27% off,"₹78,990"
HP Victus Intel Core i5 13th Gen 13420H - (16 GB/512 GB...,2.29 Kg,Mica Silver Color,15.6 inch,(5),16% off,"₹53,999"
Aroma NB140 Matrix Upto 40Hr Playtime* Fast Charging Du...,0,True Wireless,White,"(1,89,629)",28% off,"₹69,990"
Lenovo LOQ AI Powered AMD Ryzen 7 Octa Core 7840HS - (1...,2.4 kg,Storm Grey,15.6 Inch,(754),21% off,"₹89,990"
HP Pavilion Intel Core i5 10th Gen 10300H - (8 GB/1 TB ...,2.28 Kg,Shadow Black & Ultra Violet,15.6 inch,(9),84% off,"₹84,780"
MSI Stealth 16 Studio Intel Core i7 13th Gen 13700H - (...,1.99 Kg,Pure White,16 Inch,"(1,30,869)",28% off,"₹1,16,999"
HP Victus AMD Ryzen 5 Hexa Core 5600H - (8 GB/512 GB SS...,2.37 Kg,Performance Blue,15.6 Inch,(7),33% off,"₹1,07,990"
Lenovo LOQ Intel Core i5 12th Gen 12450HX - (12 GB/512 ...,2.38 kg,Luna Grey,15.6 inch,(4),17% off,"₹99,999"
HP Victus Intel Core i5 13th Gen 13420H - (16 GB/512 GB...,2.29 Kg,Performance Blue,15.6 inch,"(1,806)",27% off,"₹67,990"
ASUS ROG Zephyrus G15 AMD Ryzen 9 Octa Core AMD R9-6900...,1.90 kg,Eclipse Gray,15.6 inch,(4),21% off,"₹84,990"
Acer Nitro 5 Intel Core i5 12th Gen 12500H - (8 GB/512 ...,2.5 kg,Obsidian Black,15.6 inch,(418),33% off,"₹1,02,999"
Acer Aspire 7 Intel Core i5 13th Gen 13420H - (16 GB/51...,1.99 Kg,Black,15.6 Inch,"(3,64,337)",4% off,"₹55,990"
Acer Nitro V AMD Ryzen 7 Octa Core 7735HS - (16 GB/512 ...,2.1 Kg,Obsidian Black,15.6 Inch,(16),19% off,"₹67,990"
Lenovo Ideapad Gaming 3 AMD Ryzen 5 Hexa Core 5600H - (...,2.25 Kg,Shadow Black,15.6 Inch,(131),22% off,"₹1,11,999"
Lenovo Legion 5 Intel Core i7 14th Gen 14650HX - (16 GB...,2.3 kg,Luna Grey,16 Inch,(10),22% off,"₹55,000"
Lenovo Legion 5 Intel Core i7 14th Gen 14650HX - (16 GB...,2.3 kg,Luna Grey,16 Inch,(41),10% off,"₹1,25,000"
HP Victus AMD Ryzen 7 Octa Core 5800H - (8 GB/512 GB SS...,2.48 kg,Mica Silver,16.1 inch,(246),26% off,"₹53,394"
"Boult W20 with Zen ENC Mic, 40H Battery Life, Low Laten...",0,True Wireless,Glacier Blue,(492),19% off,₹799
Lenovo LOQ AMD Ryzen 5 Quad Core 7235HS - (24 GB/512 GB...,2.38 Kg,Luna Grey,15.6 Inch,"(1,213)",83% off,"₹64,990"
Lenovo Ideapad Gaming 3 Intel Core i5 11th Gen 11320H -...,2.25 Kg,Shadow Black,15.6 inch,"(21,968)",27% off,"₹2,01,190"
Lenovo IdeaPad Gaming 3 AMD Ryzen 7 Octa Core 5800H - (...,2.25 kg,Black,15.6 inch,(3),20% off,"₹70,990"
"Boult Astra with Quad Mic ENC, 48Hrs Battery, Low Laten...",0,True Wireless,White Opal,"(1,395)",41% off,"₹1,099"
Lenovo LOQ Gaming and Creator Laptop Intel Core i7 12th...,1.77 Kg,Luna Grey,15.6 Inch,(9),9% off,"₹68,990"
ASUS ROG Strix SCAR 16 with 90WHr Battery Intel HX-Seri...,2.50 Kg,Black,16 Inch,"(2,002)",28% off,"₹66,490"
Lenovo AMD Ryzen 7 Octa Core - (16 GB/512 GB SSD/Window...,0,Onyx_grey,15.6 inch,(41),21% off,"₹64,999"
Lenovo LOQ Intel Core i5 12th Gen 12450H - (16 GB/512 G...,2.4 Kg,Storm Grey,15.6 inch,(16),40% off,"₹58,990"
ASUS TUF Gaming A17 with 90Whr Battery AMD Ryzen 5 Hexa...,2.60 Kg,Graphite Black,17.3 Inch,(319),36% off,"₹88,700"
Lenovo LOQ Intel Core i5 12th Gen 12450HX - (12 GB/512 ...,2.38 kg,Luna Grey,15.6 inch,"(1,89,629)",83% off,₹799
"Boult Z40 with Zen ENC Mic, 60H Battery Life, Low Laten...",0,In the Ear,Blue,(15),43% off,"₹59,490"
ASUS AMD Ryzen 5 Dual Core 5th Gen - (8 GB/512 GB SSD/W...,0,Black,15.6 inch,(754),33% off,"₹82,499"
HP AMD Ryzen 5 Hexa Core - (8 GB/512 GB SSD/Windows 11 ...,0,Black,15.6 inch,"(4,941)",19% off,"₹61,500"
HP OMEN Intel Core i7 14th Gen 14650HX - (16 GB/1 TB SS...,2.32 Kg,Shadow Black,16.1 inch,(9),22% off,"₹1,13,990"
HP Victus AI AMD Ryzen 5 Hexa Core 8645HS - (16 GB/512 ...,2.29 Kg,Performance Blue,15.6 inch,(15),34% off,"₹58,990"
MSI Raider 18 HX AI Intel Core Ultra 9 285HX - (64 GB/2...,3.6 Kg,Core Black,18 inch,"(1,30,869)",22% off,"₹1,36,990"
ASUS ASUS TUF Gaming A15 AMD Ryzen 5 Hexa Core 10th Gen...,0,Black,15.6 inch,(7),14% off,"₹69,990"
HP AMD Ryzen 9 Octa Core 7940HS - (16 GB/1 TB SSD/Windo...,2.37 Kg,Shadow Black,16.1 Inch,(80),15% off,"₹81,900"
ASUS TUF Gaming F17 Intel Core i7 12th Gen 12700H - (16...,2.60 Kg,Gray,17.3 Inch,"(3,64,337)",12% off,"₹1,11,990"
DELL G15 Intel Core i5 13th Gen 13450HX - (16 GB/512 GB...,2.65 Kg,Dark Shadow Gray With Black Thermal Shelf,15.6 Inch,(131),33% off,"₹71,990"
HP Omen AMD Ryzen 7 Octa Core 7840HS - (16 GB/1 TB SSD/...,2.37 Kg,Shadow Black,16.1 Inch,(442),68% off,"₹95,990"
Lenovo Legion 7i Intel Core i7 10th Gen 10875H - (16 GB...,2.25 kg,Slate Grey,15.6 inch,(10),21% off,"₹1,15,990"
ASUS ROG Strix G15 Advantage Edition with 90Whr Battery...,2.50 Kg,Original Black,15.6 inch,(246),25% off,"₹1,69,990"
HP Victus Intel Core i5 13th Gen 13420H - (16 GB/512 GB...,2.29 Kg,Mica Silver Color,15.6 inch,"(1,538)",68% off,"₹69,990"
Aroma NB140 Matrix Upto 40Hr Playtime* Fast Charging Du...,0,True Wireless,White,"(1,213)",27% off,₹399
ASUS ROG Zephyrus G16 (2025) with Office 2024 + M365 Ba...,1.95 kg,Eclipse Gray,16 inch,(37),15% off,"₹84,990"
ASUS ROG Zephyrus G14 (2025) with Office 2024 + M365 Ba...,1.57 kg,Eclipse Gray,14 inch,(16),21% off,"₹65,200"
ASUS ROG Strix SCAR 18 (2025) with Office 2024 + M365 B...,3.3 kg,Off Black,18 inch,"(21,968)",33% off,"₹1,97,999"
ASUS ROG Strix G16 (2025) with Office 2024 + M365 Basic...,2.5 kg,Eclipse Gray,16 inch,"(1,395)",18% off,"₹68,990"
Lenovo LOQ Intel Core i5 12th Gen 12450HX - (12 GB/512 ...,2.38 kg,Luna Grey,15.6 inch,(12),28% off,"₹57,490"
HP Victus Intel Core i5 13th Gen 13420H - (16 GB/512 GB...,2.29 Kg,Performance Blue,15.6 inch,(46),84% off,"₹74,990"
ASUS ROG Strix SCAR 16 (2025) with Office 2024 + M365 B...,2.8 kg,Off Black,16 inch,"(2,002)",28% off,"₹1,45,932"
ASUS ROG Strix G16 (2025) with Office 2024 + M365 Basic...,2.65 kg,Eclipse Gray,16 inch,(41),29% off,"₹63,390"
Acer Aspire 7 Intel Core i5 13th Gen 13420H - (16 GB/51...,1.99 Kg,Black,15.6 Inch,(81),27% off,₹399
Acer Nitro V AMD Ryzen 7 Octa Core 7735HS - (16 GB/512 ...,2.1 Kg,Obsidian Black,15.6 Inch,(4),21% off,"₹53,394"
ASUS ROG Intel Core i7 7th Gen 7700HQ - (8 GB/1 TB HDD/...,2.24 kg,Black Aluminum,15.6 inch,(49),12% off,"₹69,990"
MSI GP Intel Core i7 7th Gen 7700HQ - (16 GB/1 TB HDD/1...,2.4 kg,Black,15.6 inch,(653),24% off,"₹1,11,990"
MSI Titan 18HX Intel Core i9 14th Gen 14900HX - (64 GB/...,3.6 Kg,Core Black,18 Inch,(319),39% off,"₹67,990"
MSI Stealth Intel Core i7 8th Gen 8750H - (16 GB/512 GB...,1.88 kg,Black,15.6 inch,"(1,89,629)",22% off,"₹55,990"
"Boult W20 with Zen ENC Mic, 40H Battery Life, Low Laten...",0,True Wireless,Glacier Blue,(4),22% off,"₹67,990"
Lenovo LOQ AMD Ryzen 5 Quad Core 7235HS - (24 GB/512 GB...,2.38 Kg,Luna Grey,15.6 Inch,(52),41% off,"₹72,990"
Acer Aspire 3D 15 SpatialLabs Edition Intel Core i5 13t...,2.32 Kg,Obsidian Black,15.6 Inch,(754),37% off,"₹1,38,990"
HP OMEN Intel Core i7 13th Gen 13700HX - (16 GB/1 TB SS...,2.09 kg,Shadow Black,16 inch,"(4,941)",19% off,"₹1,69,999"
"Boult Astra with Quad Mic ENC, 48Hrs Battery, Low Laten...",0,True Wireless,White Opal,(4),83% off,"₹62,788"
Lenovo LOQ Gaming and Creator Laptop Intel Core i7 12th...,1.77 Kg,Luna Grey,15.6 Inch,(9),9% off,₹799
MSI Stealth 15 Intel Core i7 13th Gen 13620H - (16 GB/1...,2.1 Kg,Black,15.6 Inch,(161),6% off,"₹64,990"
HP Victus 15 Intel Core i5 12th Gen 12450H - (8 GB/512 ...,2.37 Kg,Silver,15.6 Inch,(55),11% off,"₹69,590"
DELL Intel Core i5 13th Gen 13450HX - (16 GB/1 TB SSD/W...,0,Dark Shadow Gray,15.6 inch,"(1,30,869)",4% off,"₹85,990"
MSI Stealth 15 Intel Core i7 13th Gen 13620H - (16 GB/1...,2.1 Kg,Black,15.6 Inch,(7),28% off,"₹1,099"
Lenovo LOQ Intel Core i5 12th Gen 12450HX - (12 GB/512 ...,2.38 kg,Luna Grey,15.6 inch,(187),21% off,"₹68,990"
"Boult Z40 with Zen ENC Mic, 60H Battery Life, Low Laten...",0,In the Ear,Blue,(187),5% off,"₹3,46,640"
Acer Predator Helios Neo 14 Intel Core Ultra 7 155H - (...,1.9 Kg,Abyssal Black,14.5 inch,"(3,64,337)",5% off,"₹78,990"
MSI Pulse 15 Intel Core i7 13th Gen 13700H - (16 GB/1 T...,2.3 Kg,Gray,15.6 Inch,(131),83% off,"₹65,990"
HP OMEN Intel Core i7 14th Gen 14650HX - (16 GB/1 TB SS...,2.32 Kg,Shadow Black,16.1 inch,(10),33% off,"₹58,980"
HP Victus AI AMD Ryzen 5 Hexa Core 8645HS - (16 GB/512 ...,2.29 Kg,Performance Blue,15.6 inch,(3),22% off,"₹59,490"
MSI Creator Z17 HX Studio Intel Core i9 14th Gen 14900H...,2.49 Kg,Lunar Grey,17 Inch,(154),18% off,₹799
MSI Creator Z17 HX Studio Intel Core i7 14th Gen 14700H...,2.49 Kg,Lunar Gray,17 Inch,(10),22% off,"₹54,899"
MSI Creator Z17 HX Studio Intel Core i7 14th Gen 14700H...,2.49 Kg,Lunar Grey,17 Inch,(246),34% off,"₹54,999"
MSI Stealth GS66 Intel Core i7 12th Gen 12700H - (32 GB...,2.1 Kg,Black,15.6 Inch,(557),22% off,"₹1,13,990"
DELL G15 Intel Core i5 13th Gen 13450HX - (16 GB/512 GB...,2.65 Kg,Dark Shadow Gray With Black Thermal Shelf,15.6 Inch,(3),9% off,"₹58,990"
HP Omen AMD Ryzen 7 Octa Core 7840HS - (16 GB/1 TB SSD/...,2.37 Kg,Shadow Black,16.1 Inch,"(1,538)",9% off,"₹4,81,990"
Acer Swift X Intel Core i7 11th Gen 11390H - (16 GB/1 T...,1.9 Kg,Steel Gray,16.1 Inch,"(1,213)",34% off,"₹65,500"
Acer Predator Helios 300 Intel Core i7 11th Gen 11800H ...,2.3 kg,Abyssal Black,15.6 inch,"(21,968)",12% off,"₹1,39,990"
HP Victus Intel Core i5 13th Gen 13420H - (16 GB/512 GB...,2.29 Kg,Mica Silver Color,15.6 inch,"(1,395)",68% off,"₹89,999"
Aroma NB140 Matrix Upto 40Hr Playtime* Fast Charging Du...,0,True Wireless,White,"(2,002)",21% off,"₹71,990"
DELL G15-5530 Intel Core i7 13th Gen - (16 GB/512 GB SS...,2.81 kg,Dark Shadow Gray With Black Thermal Shelf,15.6 inch,(313),29% off,"₹95,990"
Acer Nitro V Intel Core i5 14th Gen 14450HX - (16 GB/51...,2.5 Kg,Obsidian Black,16 inch,"(1,23,835)",68% off,"₹1,64,999"
Acer Nitro V Intel Core i7 14th Gen 14650HX - (16 GB/51...,2.5 Kg,Obsidian Black,16 inch,"(1,89,629)",27% off,"₹1,23,000"
Lenovo IdeaPad Pro 5 AMD Ryzen 7 Octa Core 8845HS - (16...,1.91 Kg,Arctic Grey,16 inch,(743),29% off,"₹69,990"
Lenovo LOQ Intel Core i5 12th Gen 12450HX - (12 GB/512 ...,2.38 kg,Luna Grey,15.6 inch,"(2,264)",37% off,₹399
HP Victus Intel Core i5 13th Gen 13420H - (16 GB/512 GB...,2.29 Kg,Performance Blue,15.6 inch,(754),24% off,"₹3,59,990"
MSI Stealth 14 Studio AI PC Intel Core Ultra 7 155H - (...,1.7 Kg,Star Blue,14 inch,(7),29% off,"₹2,79,990"
ASUS TUF Gaming A15 AMD Ryzen 7 Octa Core 7435HS - (16 ...,2.2 Kg,Mecha Gray,15.6 inch,"(4,509)",28% off,"₹4,49,990"
Acer Aspire 7 Intel Core i5 13th Gen 13420H - (16 GB/51...,1.99 Kg,Black,15.6 Inch,"(4,105)",84% off,"₹2,29,990"
DELL G15 Intel Core i5 13th Gen 13450HX - (16 GB/1 TB S...,2.65 Kg,Dark Shadow Gray With Black Thermal Shelf,15.6 inch,(418),29% off,"₹57,490"
HP Omen AMD Ryzen 7 Octa Core 7840HS - (16 GB/1 TB SSD/...,0,Shadow Black,16.1 inch,"(1,30,869)",27% off,"₹74,990"
HP OMEN Intel Core i5 13th Gen 13420H - (16 GB/512 GB S...,2.32 Kg,Shadow Black,16.1 Inch,"(97,138)",21% off,"₹3,79,990"
ASUS TUF Gaming F15 with 90WHr Battery Intel H-Series I...,2.20 Kg,Mecha Gray,15.6 Inch,(480),22% off,"₹2,59,990"
DELL Alienware Intel Core i7 13th Gen 13650HX - (16 GB/...,3.25 Kg,Dark Metallic Moon,15.6 Inch,(480),22% off,₹399
Acer Nitro V AMD Ryzen 7 Octa Core 7735HS - (16 GB/512 ...,2.1 Kg,Obsidian Black,15.6 Inch,"(2,449)",22% off,"₹65,990"
"Boult W20 with Zen ENC Mic, 40H Battery Life, Low Laten...",0,True Wireless,Glacier Blue,"(1,395)",19% off,"₹67,990"
ASUS Intel Core i7 13th Gen - (16 GB/1 TB SSD/Windows 1...,0,Eclipse Gray,16 inch,(131),22% off,"₹58,980"
DELL AMD Ryzen 7 Octa Core AMD R7-6800H - (16 GB/512 GB...,2.51 Kg,Phantom Grey With Speckles,14.9 inch,"(9,604)",22% off,"₹71,990"
Lenovo LOQ AMD Ryzen 5 Quad Core 7235HS - (24 GB/512 GB...,2.38 Kg,Luna Grey,15.6 Inch,"(3,64,337)",32% off,"₹55,990"
Aroma NB126 Amplifier 40 Hours Bluetooth Gaming,0,True Wireless,Black,(41),19% off,"₹67,990"
DELL AMD Ryzen 7 Octa Core 6800H - (16 GB/512 GB SSD/Wi...,2.51 Kg,Phantom Grey With Speckles,15.6 Inch,"(41,419)",83% off,"₹1,31,999"
HP Victus AMD Ryzen 7 Octa Core 5800H - (16 GB/512 GB S...,2.48 Kg,Mica Silver,16.1 Inch,"(89,384)",33% off,"₹1,01,999"
ALIENWARE Intel Core i9 10th Gen 10980HK - (32 GB/1 TB ...,2.5 kg,Lunar Light,15.6 inch,"(3,64,337)",15% off,"₹3,29,990"
HP OMEN Intel Core i7 12th Gen 12700H - (16 GB/1 TB SSD...,2.32 kg,Shadow Black,16.1 inch,"(11,237)",20% off,"₹1,65,999"
"Boult Astra with Quad Mic ENC, 48Hrs Battery, Low Laten...",0,True Wireless,White Opal,(246),24% off,₹799
Lenovo LOQ Gaming and Creator Laptop Intel Core i7 12th...,1.77 Kg,Luna Grey,15.6 Inch,"(1,213)",28% off,"₹64,990"
ASUS ROG Zephyrus G15 (2021) AMD Ryzen 7 Octa Core 5800...,1.90 kg,Eclipse Gray,15.6 inch,"(18,777)",21% off,"₹1,49,990"
HP OMEN Intel Core i9 13th Gen 13900HX - (32 GB/1 TB SS...,2.09 KG,Shadow Black,16 Inch,"(18,777)",24% off,"₹1,62,999"
"Boult Z40 with Zen ENC Mic, 60H Battery Life, Low Laten...",0,In the Ear,Blue,"(1,89,629)",20% off,"₹1,099"
HP OMEN Intel Core i7 14th Gen 14650HX - (16 GB/1 TB SS...,2.32 Kg,Shadow Black,16.1 inch,"(1,30,869)",83% off,"₹68,990"
HP OMEN Intel Core i7 13th Gen 13700HX - (16 GB/512 GB ...,2.32 Kg,Shadow Black,16.1 Inch,"(6,14,769)",29% off,"₹1,14,999"
Acer Aspire 7 Intel Core i5 12th Gen 1240P - (8 GB/512 ...,0,Shadow Black,15.6 Inch,"(97,138)",29% off,"₹53,990"
HP OMEN Intel Core i5 13th Gen 13500HX - (16 GB/512 GB ...,2.32 Kg,Shadow Black,16.1 Inch,"(1,41,359)",22% off,"₹79,990"
HP OMEN Intel Core i7 13th Gen 13700HX - (16 GB/512 GB ...,2.09 KG,Shadow Black,16 Inch,"(17,829)",9% off,"₹1,47,999"
HP Victus AI AMD Ryzen 5 Hexa Core 8645HS - (16 GB/512 ...,2.29 Kg,Performance Blue,15.6 inch,(9),34% off,"₹59,490"
HP Omen AMD Ryzen 7 Octa Core 7840HS - (16 GB/1 TB SSD/...,2.37 Kg,Shadow Black,16.1 Inch,(44),29% off,₹799
HP OMEN Intel Core i7 13th Gen 13700HX - (16 GB/512 GB ...,2.32 Kg,Shadow Black,16.1 Inch,"(3,143)",25% off,"₹1,61,999"
HP OMEN Intel Core i7 11th Gen 11800H - (16 GB/1 TB SSD...,2.32 kg,Shadow Black,16.1 inch,"(2,98,442)",26% off,"₹1,33,999"
Lenovo LOQ Intel Core i5 13th Gen 13450HX - (16 GB/512 ...,2.38 kg,Luna Grey,15.6 Inch,"(2,002)",33% off,"₹1,13,990"
HP Victus Intel Core i5 13th Gen 13420H - (16 GB/512 GB...,2.29 Kg,Mica Silver Color,15.6 inch,(319),40% off,"₹58,990"
HP AMD Ryzen 7 Octa Core 6800H - (16 GB/1 TB HDD/1 TB S...,2.37 Kg,Mica Silver,16.1 Inch,"(5,461)",22% off,"₹2,69,990"
ASUS ROG Strix G16 Intel Core i9 13th Gen 13980HX - (16...,2.5 Kg,Eclipse Gray,16 inch,"(5,461)",68% off,"₹2,59,990"
DELL Alienware Intel Core i7 12th Gen 12700H - (16 GB/1...,2.34 Kg,Lunar Light,15.6 Inch,"(2,240)",19% off,"₹2,54,990"
HP Victus Intel Core i7 12th Gen 12650H - (16 GB/512 GB...,2.37 kg,Performance Blue,15.6 inch,"(1,313)",37% off,"₹2,51,999"
Aroma NB140 Matrix Upto 40Hr Playtime* Fast Charging Du...,0,True Wireless,White,"(1,89,629)",21% off,"₹71,990"
Lenovo LOQ Intel Core i5 12th Gen 12450HX - (12 GB/512 ...,2.38 kg,Luna Grey,15.6 inch,(754),84% off,"₹95,990"
HP Victus Intel Core i7 12th Gen 12650H - (8 GB/512 GB ...,2.37 kg,Performance Blue,15.6 inch,"(1,314)",38% off,"₹90,999"
ASUS TUF Gaming F15 Intel Core i5 10th Gen 10300H - (8 ...,2.3 kg,Black,15.6 inch,"(61,395)",26% off,"₹1,40,990"
Acer Aspire 7 Intel Core i5 13th Gen 13420H - (16 GB/51...,1.99 Kg,Black,15.6 Inch,"(1,30,869)",17% off,"₹69,990"
DELL G15 Intel Core i5 13th Gen 13450HX - (16 GB/1 TB S...,2.65 Kg,Dark Shadow Gray With Black Thermal Shelf,15.6 inch,(7),28% off,₹399
"ASUS TUF Gaming F15, 90WHrs Battery Intel Core i7 13th ...",2.2 Kg,Mecha Gray,15.6 Inch,"(5,510)",68% off,"₹1,04,975"
"ASUS ROG Strix G16, 90WHrs Battery Intel Core i7 13th G...",2.5 Kg,Eclipse Gray,16 Inch,"(38,190)",27% off,"₹1,04,990"
"ASUS TUF Gaming F15, 90WHrs Battery Intel Core i7 13th ...",2.2 Kg,Mecha Gray,15.6 Inch,(134),30% off,"₹1,09,990"
"ASUS Vivobook 16X for Creator, Intel Core i5 12th Gen 1...",1.80 Kg,Silver,16 Inch,"(9,876)",84% off,"₹1,32,190"
Acer Nitro V AMD Ryzen 7 Octa Core 7735HS - (16 GB/512 ...,2.1 Kg,Obsidian Black,15.6 Inch,(418),27% off,"₹57,490"
"Boult W20 with Zen ENC Mic, 40H Battery Life, Low Laten...",0,True Wireless,Glacier Blue,"(3,64,337)",29% off,"₹74,990"
"ASUS Gaming V16 (2025) with Office 2024 + M365 Basic*, ...",1.95 Kg,Matte Black,16 Inch,"(5,461)",29% off,"₹1,59,990"
Acer ALG Intel Core i5 12th Gen 12450H - (16 GB/512 GB ...,1.99 Kg,Steel Grey,15.6 Inch,"(5,461)",29% off,"₹94,990"
Lenovo LOQ AMD Ryzen 5 Quad Core 7235HS - (24 GB/512 GB...,2.38 Kg,Luna Grey,15.6 Inch,(131),20% off,₹399
Aroma NB126 Amplifier 40 Hours Bluetooth Gaming,0,True Wireless,Black,(10),21% off,"₹1,14,999"
ASUS ROG Strix G16 Intel Core i9 14th Gen 14900HX - (16...,2.5 Kg,Eclipse Gray,16 Inch,"(5,461)",22% off,"₹1,33,999"
Lenovo LOQ AMD Ryzen 7 Octa Core 8845HS - (16 GB/512 GB...,2.38 Kg,Luna Grey,15.6 Inch,"(5,461)",29% off,"₹67,990"
"ASUS Vivobook 16X For Creator, Intel H-Series Intel Cor...",1.80 Kg,Cool Silver,16 Inch,(28),29% off,"₹1,31,999"
Acer ALG Intel Core i5 12th Gen 12450H - (16 GB/512 GB ...,1.99 Kg,Steel Grey,15.6 Inch,"(5,461)",19% off,"₹55,990"
"Boult Astra with Quad Mic ENC, 48Hrs Battery, Low Laten...",0,True Wireless,White Opal,(41),7% off,"₹74,990"
Lenovo LOQ Gaming and Creator Laptop Intel Core i7 12th...,1.77 Kg,Luna Grey,15.6 Inch,(246),24% off,"₹97,990"
Acer Aspire 5 Gaming Intel Core i5 13th Gen 1335U - (16...,1.78 Kg,Steel Grey,15.6 inch,"(5,461)",18% off,"₹87,890"
Acer Aspire 5 Intel Core i5 13th Gen 1335U - (16 GB/512...,1.57 Kg,Steel Gray,14 Inch,"(5,461)",26% off,"₹1,04,391"
"Boult Z40 with Zen ENC Mic, 60H Battery Life, Low Laten...",0,In the Ear,Blue,"(1,213)",83% off,"₹1,34,990"
HP OMEN Intel Core i7 14th Gen 14650HX - (16 GB/1 TB SS...,2.32 Kg,Shadow Black,16.1 inch,"(21,968)",28% off,"₹67,990"
ASUS TUF Gaming A15 AMD Ryzen 9 Octa Core 8945H - (16 G...,2.2 Kg,Mecha Gray,15.6 Inch,"(5,461)",22% off,₹799
ASUS TUF Gaming A15 AMD Ryzen 7 Octa Core 8845HS - (16 ...,2.2 Kg,Mecha Gray,15.6 Inch,"(50,841)",16% off,"₹1,30,990"
GIGABYTE Intel Core i7 12th Gen 12650H - (16 GB/512 GB ...,2.08 Kg,Black,15 inch,"(4,166)",26% off,"₹81,999"
MSI Raider GE68 HX Intel Core i9 14th Gen 14900HX - (32...,2.75 Kg,Black,16 Inch,"(5,426)",83% off,"₹64,990"
HP Victus AI AMD Ryzen 5 Hexa Core 8645HS - (16 GB/512 ...,2.29 Kg,Performance Blue,15.6 inch,"(1,395)",29% off,₹399
HP Omen AMD Ryzen 7 Octa Core 7840HS - (16 GB/1 TB SSD/...,2.37 Kg,Shadow Black,16.1 Inch,(9),22% off,"₹96,999"
"ASUS Vivobook 16X for Creator, Intel Core i5 12th Gen 1...",1.80 Kg,Cool Silver,16 Inch,"(1,498)",27% off,"₹89,967"
ASUS AMD Ryzen 7 Octa Core 6th Gen - (16 GB/512 GB SSD/...,0,Eclipse Gray,17.3 inch,"(5,967)",34% off,"₹3,10,999"
Lenovo LOQ Intel Core i5 13th Gen 13450HX - (16 GB/512 ...,2.38 kg,Luna Grey,15.6 Inch,"(2,002)",29% off,"₹1,35,990"
HP Victus Intel Core i5 13th Gen 13420H - (16 GB/512 GB...,2.29 Kg,Mica Silver Color,15.6 inch,(319),24% off,"₹1,099"
"ASUS Vivobook Pro 15 OLED For Creator, Intel H-Series I...",1.80 Kg,Quiet Blue,15.6 Inch,"(9,876)",11% off,"₹68,990"
GIGABYTE Intel Core i7 13th Gen 13700H - (16 GB/1 TB SS...,2.39 Kg,Black,15.6 Inch,"(5,820)",23% off,"₹1,79,990"
GIGABYTE Intel Core i5 12th Gen 12500H - (16 GB/1 TB SS...,2.39 Kg,Black,15.6 Inch,"(3,397)",25% off,"₹1,93,999"
"ASUS Vivobook 14X For Creator, Intel H-Series Intel Cor...",1.40 Kg,Indie Black,14 Inch,"(2,23,148)",22% off,₹799
Aroma NB140 Matrix Upto 40Hr Playtime* Fast Charging Du...,0,True Wireless,White,"(1,89,629)",68% off,"₹1,13,990"
Lenovo LOQ Intel Core i5 12th Gen 12450HX - (12 GB/512 ...,2.38 kg,Luna Grey,15.6 inch,(754),8% off,"₹1,23,999"
DELL Intel Core Ultra 9 14th Gen - (16 GB/1 TB HDD/1 TB...,0,Dark Metallic Moon,16 inch,"(38,190)",24% off,"₹62,999"
HP Intel Core i7 12th Gen 12650H - (16 GB/512 GB SSD/Wi...,0,Blue,15.6 inch,(132),21% off,"₹1,07,999"
Acer Aspire 7 Intel Core i5 13th Gen 13420H - (16 GB/51...,1.99 Kg,Black,15.6 Inch,"(1,30,869)",84% off,"₹1,39,990"
Acer Nitro V Intel Core i5 13th Gen 13420H - (16 GB/512...,2.1 Kg,Shale Black,15.6 Inch,(7),16% off,"₹58,990"
ZEBRONICS Zeb-K20 Wired USB Standard Desktop Keyboard C...,0,,Black,(421),36% off,"₹95,990"
"Boult W20 with Zen ENC Mic, 40H Battery Life, Low Laten...",0,True Wireless,Space Black,"(1,320)",26% off,"₹1,23,999"
Frontech Wired USB Mouse with 3 Handy Buttons 1500 DPI ...,0,Black,USB 2.0,(4),30% off,"₹1,95,210"
QUICLEAN Screen & Lens Cleaner 500 ml with Microfiber C...,0,,QCSCREENCLEANERNEWP1,(418),68% off,"₹73,990"
Lenovo LOQ AMD Ryzen 5 Quad Core 7235HS - (24 GB/512 GB...,2.38 Kg,Luna Grey,15.6 Inch,"(3,64,337)",27% off,"₹69,990"
Lenovo LOQ Gaming and Creator Laptop Intel Core i7 12th...,1.77 Kg,Luna Grey,15.6 Inch,(455),32% off,"₹1,16,999"
KITECH KB-021 Wired USB Standard Multi-device Keyboard ...,0,,Black,(70),41% off,"₹1,49,990"
Tablor Laptop Adapter Power Cable Cord 3 Pin 1.5m 240 A...,0,,Power Cord Included,(131),84% off,"₹2,60,999"
Lenovo LOQ Intel Core i5 12th Gen 12450HX - (12 GB/512 ...,2.38 kg,Luna Grey,15.6 inch,(10),27% off,"₹81,990"
"Boult Astra with Quad Mic ENC, 48Hrs Battery, Low Laten...",0,True Wireless,White Opal,(61),19% off,₹399
"Mivi Duopods K2, 40Hrs PT, HD Call, Fast Charging, 50ms...",0,True Wireless,Black,(88),23% off,"₹57,490"
EVOFOX Spectre 3600 DPI Gaming Sensor and 7 Colours Rai...,0,White,USB 2.0,"(78,774)",28% off,"₹79,999"
EVOFOX Spectre 3600 DPI Gaming Sensor and 7 Colours Rai...,0,Black,USB 2.0,"(5,826)",21% off,"₹66,990"
"realme Buds T200 Lite with 12.4mm Driver, 48hrs Playbac...",0,True Wireless,Volt Black,(41),22% off,"₹81,990"
Lenovo LOQ Intel Core i5 12th Gen 12450HX - (12 GB/512 ...,2.38 kg,Luna Grey,15.6 inch,(246),19% off,₹399
HP OMEN Intel Core i7 14th Gen 14650HX - (16 GB/1 TB SS...,2.32 Kg,Shadow Black,16.1 inch,"(97,138)",31% off,"₹74,990"
"Bestor USB Type C Cable 1 m 20W Fast Charging, USB-A to...",0,LAPTOPS,Compatible with MOBILE,"(10,266)",29% off,"₹67,990"
"Boult Z40 with Zen ENC Mic, 60H Battery Life, Low Laten...",0,In the Ear,Blue,"(1,213)",19% off,"₹1,13,990"
DELL G15 Intel Core i5 13th Gen 13450HX - (16 GB/512 GB...,2.65 Kg,Dark Shadow Gray With Black Thermal Shelf,15.6 Inch,"(21,968)",40% off,"₹55,990"
Lenovo Lenovo Legion Pro 7 Intel Core i9 14th Gen 14900...,2.62 kg,Eclipse Black,16 Inch,(124),37% off,"₹74,990"
"DELL KB216 Multimedia Keyboard with USB Interface, Plun...",0,,Black,(120),46% off,"₹99,990"
"Boult Y1 Pro with Zen Quad Mic ENC, 60Hrs Battery, Fast...",0,True Wireless,Candy cane,"(1,080)",35% off,"₹1,49,990"
"Boult Z40 with Zen ENC Mic, 60H Battery Life, Low Laten...",0,In the Ear,Brown,"(26,251)",83% off,"₹92,990"
spincart Large Gaming XXL Extended Mouse Pad with Nonsl...,0,Red,Black,"(1,395)",28% off,"₹57,990"
HP Omen AMD Ryzen 7 Octa Core 7840HS - (16 GB/1 TB SSD/...,2.37 Kg,Shadow Black,16.1 Inch,(9),33% off,"₹67,990"
HP Victus Intel Core i5 13th Gen 13420H - (16 GB/512 GB...,2.29 Kg,Mica Silver Color,15.6 inch,(358),6% off,₹799
Bestor Multiport Adapter for MacBook Pro Air M1 4-in-1 ...,0,,GREY USB,(73),83% off,"₹79,990"
Bestor C Multiport Adapter for MacBook Pro Air 2021 202...,0,,Grey,"(2,002)",29% off,"₹63,990"
"Boult W20 with Zen ENC Mic, 40H Battery Life, Low Laten...",0,True Wireless,Glacier Blue,(313),22% off,"₹64,990"
"Boult Astra with Quad Mic ENC, 48Hrs Battery, Low Laten...",0,True Wireless,Black Gloss,"(2,216)",25% off,₹399
"Noise Buds VS102 with 50 Hrs Playtime, 11mm Driver, IPX...",0,True Wireless,Celeste Blue,"(2,122)",27% off,"₹1,99,990"
"Mivi Duopods K2, 40Hrs PT, HD Call, Fast Charging, 50ms...",0,True Wireless,Brisk Blue,"(9,876)",34% off,"₹89,990"
"Boult W40 with Quad Mic ENC, 48H Battery Life, Low Late...",0,True Wireless,Ivory White,"(7,263)",33% off,"₹86,990"
ZEBRONICS K-35 Wired USB Standard Multi-device Keyboard...,0,,Black,(754),25% off,"₹55,990"
HP Victus Intel Core i5 13th Gen 13420H - (16 GB/512 GB...,2.29 Kg,Performance Blue,15.6 inch,(7),68% off,"₹1,099"
HP Omen Intel Core i7 13th Gen 13620H - (16 GB/1 TB SSD...,2.32 Kg,Shadow Black,16.1 inch,"(9,876)",52% off,"₹68,990"
PASHUPATASTRA Success Motivational Quotation Printed Mo...,0,,Multicolor,"(2,449)",77% off,"₹53,991"
Aroma NB119 Titanium - 48 Hours Playtime Bluetooth Neck...,0,In the Ear,Black,(418),21% off,"₹54,990"
Acer Aspire 7 Intel Core i5 13th Gen 13420H - (16 GB/51...,1.99 Kg,Black,15.6 Inch,"(1,30,869)",27% off,₹799
Acer Nitro V AMD Ryzen 7 Octa Core 7735HS - (16 GB/512 ...,2.1 Kg,Obsidian Black,15.6 Inch,(206),65% off,"₹1,13,990"
Sadow LAN Cable 10 m High Speed 10 Meter CAT-6 Network ...,0,Laptops,Compatible with Desktops,(334),39% off,"₹1,37,990"
Sadow LAN Cable 5 m High Speed 5 Meter CAT-6 Network RJ...,0,Laptops,Compatible with Desktops,(3),28% off,"₹1,09,990"
EVOFOX Blaze 12800 DPI Gaming Sensor and 8 Buttons RGB ...,0,Blue,USB 2.0,(127),68% off,"₹1,48,500"
"Ant Esports MK1400 / Rainbow LED Illumination, White an...",0,,Black,"(1,395)",80% off,"₹2,85,990"
"Boult W20 with Zen ENC Mic, 40H Battery Life, Low Laten...",0,True Wireless,Glacier Blue,(131),62% off,"₹58,990"
Lenovo LOQ AMD Ryzen 5 Quad Core 7235HS - (24 GB/512 GB...,2.38 Kg,Luna Grey,15.6 Inch,(160),62% off,"₹95,990"
Ant Esports MK1450 Pro / Backlit Membrane with Mixed Co...,0,,Black,"(6,892)",35% off,"₹68,790"
"Noise Buds VS102 Pro with ANC (25dB), 70 Hours Playtime...",0,True Wireless,Aurora Green,"(3,64,337)",28% off,"₹77,990"
"Boult Astra with Quad Mic ENC, 48Hrs Battery, Low Laten...",0,True Wireless,White Opal,(41),27% off,"₹73,990"
Lenovo LOQ Gaming and Creator Laptop Intel Core i7 12th...,1.77 Kg,Luna Grey,15.6 Inch,(140),81% off,"₹69,990"
"Boult X1 Pro with Type-C Connector, Dynamic Drivers, Ri...",0,In the Ear,Black,(183),84% off,"₹1,16,990"
Arctic Fox Breathing Lights and DPI Upto 3600 Wired Amb...,0,Deep Navy Blue,USB 3.0,"(6,436)",22% off,"₹1,33,999"
"HP v220b 128 GB OTG Drive Compatible with Mobile, Lapto...",0,Mobile Pendrive,White,(135),35% off,"₹1,19,999"
Arctic Fox Pureview Transparent Wireless and Bluetooth ...,0,Bluetooth,2.4GHz Wireless,(246),49% off,"₹67,992"
Lenovo LOQ Intel Core i5 12th Gen 12450HX - (12 GB/512 ...,2.38 kg,Luna Grey,15.6 inch,"(1,213)",83% off,₹399
"Boult Z40 with Zen ENC Mic, 60H Battery Life, Low Laten...",0,In the Ear,Blue,(100),84% off,"₹57,490"
Sadow LAN Cable 35 m High Speed 35 Meter CAT-6 Network ...,0,Laptops,Compatible with Desktops,(43),73% off,"₹1,44,150"
Sadow LAN Cable 50 m High Speed 50 Meter CAT-6 Network ...,0,Laptops,Compatible with Desktops,"(1,89,629)",22% off,"₹72,490"
HP OMEN Intel Core i7 14th Gen 14650HX - (16 GB/1 TB SS...,2.32 Kg,Shadow Black,16.1 inch,(238),19% off,₹399
HP Victus AI AMD Ryzen 5 Hexa Core 8645HS - (16 GB/512 ...,2.29 Kg,Performance Blue,15.6 inch,(25),86% off,"₹74,990"
Sadow LAN Cable 15 m High Speed 15 Meter CAT-6 Network ...,0,Laptops,Compatible with Desktops,(8),85% off,"₹67,990"
Sadow LAN Cable 25 m High Speed 25 Meter CAT-6 Network ...,0,Laptops,Compatible with Desktops,(282),68% off,"₹57,990"
Sadow LAN Cable 40 m 40 Meter Cat6 Network Ethernet Pat...,0,Laptops,Compatible with Desktops,"(1,30,869)",68% off,"₹1,13,990"
Sadow LAN Cable 3 m High Speed 3 Meter CAT-6 Network RJ...,0,Laptops,Compatible with Desktops,(9),73% off,"₹55,990"
DELL G15 Intel Core i5 13th Gen 13450HX - (16 GB/512 GB...,2.65 Kg,Dark Shadow Gray With Black Thermal Shelf,15.6 Inch,(165),80% off,"₹75,980"
HP Omen AMD Ryzen 7 Octa Core 7840HS - (16 GB/1 TB SSD/...,2.37 Kg,Shadow Black,16.1 Inch,"(4,299)",70% off,₹299
Sadow LAN Cable 30 m High Speed 30 Meter CAT-6 Network ...,0,Laptops,Compatible with Desktops,"(2,002)",36% off,₹798
Sadow LAN Cable 20 m High Speed 20 Meter CAT-6 Network ...,0,Laptops,Compatible with Desktops,(313),21% off,₹214
HP Victus Intel Core i5 13th Gen 13420H - (16 GB/512 GB...,2.29 Kg,Mica Silver Color,15.6 inch,"(40,133)",22% off,₹226
Aroma NB140 Matrix Upto 40Hr Playtime* Fast Charging Du...,0,True Wireless,White,"(1,27,664)",72% off,"₹64,990"
Sadow LAN Cable 60 m High Speed 60 Meter CAT-6 Network ...,0,Laptops,Compatible with Desktops,"(6,418)",84% off,"₹68,990"
"CMF by Nothing Buds 42 dB Active Noise Cancellation, Ul...",0,True Wireless,Orange,(322),22% off,₹204
HP M10 Wired Ambidextrous Optical Mouse,0,Black,USB 2.0,(754),22% off,₹177
ZEBRONICS ZEB-NC3300 2 Fan Cooling Pad,0,,Black,(7),27% off,"₹59,490"
Lenovo LOQ Intel Core i5 12th Gen 12450HX - (12 GB/512 ...,2.38 kg,Luna Grey,15.6 inch,"(13,091)",36% off,"₹1,099"
HP Victus Intel Core i5 13th Gen 13420H - (16 GB/512 GB...,2.29 Kg,Performance Blue,15.6 inch,"(13,091)",21% off,₹599
Saco Silicone Skin Keyboard Protector Cover for HP Vict...,0,,Black,(418),34% off,₹299
Elista ELS WK-711 Wired USB Standard Multi-device Keybo...,0,,Black,"(1,30,869)",22% off,₹299
Acer Aspire 7 Intel Core i5 13th Gen 13420H - (16 GB/51...,1.99 Kg,Black,15.6 Inch,"(13,091)",75% off,"₹1,299"
Acer Nitro V AMD Ryzen 7 Octa Core 7735HS - (16 GB/512 ...,2.1 Kg,Obsidian Black,15.6 Inch,"(13,091)",57% off,"₹57,490"
Arctic Fox Pureview Transparent Wireless and Bluetooth ...,0,Bluetooth,2.4GHz Wireless,"(1,395)",53% off,"₹1,13,990"
"Noise Aura Buds with Dual Device Pairing, 60 Hours of P...",0,True Wireless,Aura Blue,(131),54% off,₹150
"JBL Tune 770NC Active Noise Cancelling, 70Hr Playtime, ...",0,On the Ear,Black,(350),68% off,₹799
"Boult Curve Max with 100H Playtime, ENC Mic, Dual Devic...",0,In the Ear,Black,"(1,41,359)",21% off,"₹71,990"
"Boult W20 with Zen ENC Mic, 40H Battery Life, Low Laten...",0,True Wireless,Glacier Blue,"(3,64,337)",36% off,"₹2,70,190"
Lenovo LOQ AMD Ryzen 5 Quad Core 7235HS - (24 GB/512 GB...,2.38 Kg,Luna Grey,15.6 Inch,(41),74% off,₹519
Arctic Fox Breathing Lights and DPI Upto 3600 Wired Amb...,0,Charcoal Black,USB 3.0,"(6,418)",68% off,₹999
EVOFOX Deathray TKL RGB Silent Membrane Wired USB Tenke...,0,,Black,"(13,091)",27% off,₹799
"Boult Astra with Quad Mic ENC, 48Hrs Battery, Low Laten...",0,True Wireless,White Opal,"(7,131)",55% off,₹184
Lenovo LOQ Gaming and Creator Laptop Intel Core i7 12th...,1.77 Kg,Luna Grey,15.6 Inch,(76),58% off,"₹95,990"
"THE MOBILE POINT 2in1 USB Type C,USB 3.0 and Micro USB,...",0,,Black,(246),52% off,"₹69,990"
"BeastBass Airdoze Quad Mic Auto ENC, 100Hr Backup, Low ...",0,True Wireless,Black,"(5,354)",72% off,₹274
ZEBRONICS Zeb-Optimus (Zeb-KMC 2) Wired USB Standard Ga...,0,,Black,"(5,826)",28% off,₹283
Ranz Laptop Power Cable Cord 3 Pin 240 W Adapter,2.38 kg,Luna Grey,15.6 inch,"(1,213)",84% off,₹799
Lenovo LOQ Intel Core i5 12th Gen 12450HX - (12 GB/512 ...,0,In the Ear,Blue,"(1,89,629)",60% off,"₹1,099"
"Boult Z40 with Zen ENC Mic, 60H Battery Life, Low Laten...",0,,Power Cord Included,(76),38% off,₹799
Ranz Laptop Adapter Power Cable Cord 3 Pin 1.5m 240 W A...,0,,Black,"(9,876)",27% off,₹599
PRODOT Laptop Keypad Size 217m Mini Wired Keyboard Wire...,2.32 Kg,Shadow Black,16.1 inch,"(13,091)",21% off,₹899
HP OMEN Intel Core i7 14th Gen 14650HX - (16 GB/1 TB SS...,2.29 Kg,Performance Blue,15.6 inch,"(2,147)",70% off,₹287
HP Victus AI AMD Ryzen 5 Hexa Core 8645HS - (16 GB/512 ...,0,On the Ear,White,"(1,30,869)",40% off,"₹74,990"
G2L BRAND NEW P47 Wireless Portable Gaming Headphone Mi...,0,Black,Grey,(9),51% off,"₹1,07,990"
Frontech Wired Keyboard | RGB Backlight Effect | 104 Ke...,0,In the Ear,Blue,(17),58% off,₹139
"Boult YCharge with Pro+ Calling Mic, Full Charge in 20 ...",0,In the Ear,Sky Black,"(23,849)",22% off,₹378
"TRIGGR Rizz with 40H Playback, Spherical Design, 13mm D...",2.65 Kg,Dark Shadow Gray With Black Thermal Shelf,15.6 Inch,"(2,002)",22% off,"₹1,07,990"
DELL G15 Intel Core i5 13th Gen 13450HX - (16 GB/512 GB...,2.37 Kg,Shadow Black,16.1 Inch,(41),36% off,"₹71,990"
HP Omen AMD Ryzen 7 Octa Core 7840HS - (16 GB/1 TB SSD/...,0,True Wireless,Ivory,"(8,327)",59% off,"₹1,13,990"
"Mivi Duopods K2, 40Hrs PT, HD Call, Fast Charging, 50ms...",0,Black,USB 2.0,"(1,309)",19% off,₹287
ZEBRONICS mouse Wired Ambidextrous Optical Mouse,2.29 Kg,Mica Silver Color,15.6 inch,(580),83% off,"₹74,990"
HP Victus Intel Core i5 13th Gen 13420H - (16 GB/512 GB...,0,True Wireless,White,(319),26% off,"₹55,990"
Aroma NB140 Matrix Upto 40Hr Playtime* Fast Charging Du...,0,PC,Compatible with Laptop,(313),40% off,"₹67,990"
STORITE Reversible USB 2.0 1.5 m Copper USB 3.0 Male A ...,0,,MULTICOLOUR,"(1,30,869)",38% off,₹245
"ELECRANGE 2024 Edition Video Game,Handheld Sup 500 in 1...",0,,Na,"(13,091)",46% off,₹214
"Dia MOUSE PAD, AVENGER MOUSE PADE, AVENGER SYMBOL MOUSE...",0,Black,Grey,"(1,89,629)",28% off,₹609
"HP V22OW 64 GB Pen Drive Compatible with Audio Player, ...",2.38 kg,Luna Grey,15.6 inch,(754),21% off,₹455
Lenovo LOQ Intel Core i5 12th Gen 12450HX - (12 GB/512 ...,2.29 Kg,Performance Blue,15.6 inch,(806),56% off,₹799
HP Victus Intel Core i5 13th Gen 13420H - (16 GB/512 GB...,0,,Black,(76),67% off,"₹64,990"
"Frontech Dragon Warrior Wired Gaming - Keyboard, Mouse,...",0,,Black,(70),83% off,₹699
EVOFOX Katana X2 TKL Mechanical Wired USB Tenkeyless Ga...,1.99 Kg,Black,15.6 Inch,"(13,091)",40% off,"₹1,299"
Acer Aspire 7 Intel Core i5 13th Gen 13420H - (16 GB/51...,2.1 Kg,Shale Black,15.6 Inch,(7),22% off,"₹1,099"
Acer Nitro V Intel Core i5 13th Gen 13420H - (16 GB/512...,0,White,Blue Switch,"(1,30,869)",22% off,"₹68,990"
"Portronics POR 1880 Bluetooth, Wireless Standard Gaming...",0,,Black,"(13,091)",52% off,₹449
Aula T102 Wired USB Standard Gaming Keyboard Compatible...,0,Bluetooth,2.4GHz Wireless,"(3,64,337)",34% off,₹249
Arctic Fox Pureview Transparent Wireless and Bluetooth ...,0,For Computer,Black,"(1,395)",22% off,₹376
TECHON  TV-out Cable Hdmi To Vga Converter Adapter Cabl...,2.38 Kg,Luna Grey,15.6 Inch,"(17,155)",72% off,₹545
Lenovo LOQ AMD Ryzen 5 Quad Core 7235HS - (24 GB/512 GB...,1.77 Kg,Luna Grey,15.6 Inch,"(1,000)",77% off,"₹59,490"
Lenovo LOQ Gaming and Creator Laptop Intel Core i7 12th...,0,Bluetooth,2.4GHz Wireless,(418),49% off,₹799
Arctic Fox Pureview Transparent Wireless and Bluetooth ...,0,True Wireless,Storm Grey,(131),83% off,₹783
"realme Buds T200 Lite with 12.4mm Driver, 48hrs Playbac...",2.38 kg,Luna Grey,15.6 inch,"(4,941)",68% off,"₹1,228"
Lenovo LOQ Intel Core i5 12th Gen 12450HX - (12 GB/512 ...,0,True Wireless,White Opal,"(3,64,337)",21% off,"₹1,13,990"
"Boult Astra with Quad Mic ENC, 48Hrs Battery, Low Laten...",0,,C Type,(10),58% off,"₹58,990"
Henture USB Hub Type C to 4 USB-A Ports Compatible for ...,0,,Headphone Pattern,"(21,968)",46% off,₹297
ZORI Panda Animal Music Headphone Pattern Printed Mouse...,0,,Pack of 1,(24),68% off,₹599
HexaGear Screen Guard for Alienware m15 R7 Gaming Lapto...,0,In the Ear,Crystal,(250),27% off,₹969
"KZ EDX Pro X In Ear Monitor Wired Earphone with Mic, 3....",2.38 kg,Luna Grey,15.6 inch,"(1,106)",72% off,₹207
Lenovo LOQ Intel Core i5 12th Gen 12450HX - (12 GB/512 ...,2.32 Kg,Shadow Black,16.1 inch,(322),80% off,"₹71,990"
HP OMEN Intel Core i7 14th Gen 14650HX - (16 GB/1 TB SS...,0,,Black,(246),52% off,"₹95,990"
HP GK400Y Mechanical Wired USB Standard Gaming Keyboard...,0,Black,USB 2.0,(230),12% off,₹638
Elista ELS-501 PRO Wired Ambidextrous Optical Mouse,0,In the Ear,Blue,(413),28% off,₹407
"Boult Z40 with Zen ENC Mic, 60H Battery Life, Low Laten...",2.65 Kg,Dark Shadow Gray With Black Thermal Shelf,15.6 Inch,"(2,002)",84% off,"₹69,990"
DELL G15 Intel Core i5 13th Gen 13450HX - (16 GB/512 GB...,0,True Wireless,White,(41),65% off,₹399
G2L P47 Wireless Gaming Bluetooth Portable Headphones w...,0,USB 2.0,USB 3.0,"(9,070)",54% off,"₹1,476"
DELL MS 116 Wired Optical Mouse Wired Ambidextrous Opti...,0,,Grey,(246),27% off,"₹1,799"
"HP K500F / 26 Anti-ghosting keys, Metal Panel, Rainbow ...",0,Laptops,Compatible with Desktops,(12),21% off,₹277
Sadow LAN Cable 40 m 40 Meters CAT 6 Ethernet Cable Lan...,2.37 Kg,Shadow Black,16.1 Inch,"(4,414)",70% off,₹539
HP Omen AMD Ryzen 7 Octa Core 7840HS - (16 GB/1 TB SSD/...,2.29 Kg,Mica Silver Color,15.6 inch,(319),76% off,"₹57,490"
HP Victus Intel Core i5 13th Gen 13420H - (16 GB/512 GB...,0,iPhone,Compatible with Smartphones,"(1,89,629)",70% off,"₹74,990"
Doyers 3-in-1 Cable 6 A 1 m Nylon Braided Multiple USB ...,0,Purple,Black,(780),70% off,₹389
"Kreo Hive Lite RGB 75% Wired Membrane Gaming Keyboard, ...",2.62 kg,Eclipse Black,16 Inch,(754),22% off,₹262
Lenovo Lenovo Legion Pro 7 Intel Core i9 14th Gen 14900...,0,True Wireless,Glacier Blue,"(4,941)",22% off,₹399
"Boult W20 with Zen ENC Mic, 40H Battery Life, Low Laten...",0,,Black,(39),80% off,"₹1,799"
RAYA Silicone Keyboard Cover for HP Pavilion 15 (15-dk ...,0,In the Ear,Black,(322),29% off,"₹67,990"
NEXWARP SAMSUNG HEADPHONE EHS61 Wired,0,,Black,"(25,798)",19% off,"₹71,990"
ZEBRONICS K51 (ZEB KKB2) Wired USB Standard Multi-devic...,0,For Computer,Black,"(1,30,869)",83% off,₹376
TERABYTE  TV-out Cable 5 Meter HDMI Male to Male Cable ...,0,True Wireless,Black Gloss,(7),83% off,"₹55,990"
"Boult Astra with Quad Mic ENC, 48Hrs Battery, Low Laten...",2.29 Kg,Performance Blue,15.6 inch,"(13,091)",73% off,"₹67,990"
HP Victus Intel Core i5 13th Gen 13420H - (16 GB/512 GB...,0,,Black,"(13,091)",33% off,₹545
Ant Esports MK1000 Multicolour LED Backlit Wired TKL Me...,0,In the Ear,Black,"(3,64,337)",57% off,₹999
SpinBot BattleBudz W20 Wired Gaming Earphones with Boom...,1.99 Kg,Black,15.6 Inch,(131),28% off,"₹5,099"
Acer Aspire 7 Intel Core i5 13th Gen 13420H - (16 GB/51...,2.1 Kg,Shale Black,15.6 Inch,"(1,328)",21% off,₹899
Acer Nitro V Intel Core i5 13th Gen 13420H - (16 GB/512...,0,True Wireless,Black,"(2,081)",66% off,₹799
"Mivi Duopods K6, 50Hrs PT, HD Call, Fast Charging, 50ms...",0,In the Ear,Black,(23),48% off,"₹64,990"
TECHFIRE Fire 500v2 Neckband hi-bass Wireless headphone...,0,True Wireless,Black,"(1,070)",83% off,₹249
HOPPUP Predator Xo4 Gaming Earbuds with 35MS Low Latenc...,0,,Black,(10),49% off,₹799
Saco Dustproof Skin Keyboard Cover for 2020 Lenovo Legi...,2.38 Kg,Luna Grey,15.6 Inch,(246),22% off,"₹1,099"
Lenovo LOQ AMD Ryzen 5 Quad Core 7235HS - (24 GB/512 GB...,1.77 Kg,Luna Grey,15.6 Inch,"(1,624)",22% off,"₹68,990"
Lenovo LOQ Gaming and Creator Laptop Intel Core i7 12th...,0,PC,Compatible with Laptop,"(5,025)",70% off,₹277
TERABYTE LAN Cable 29.5 m 29.50 METER Ethernet Cable CA...,0,PC,Compatible with Laptop,"(1,538)",34% off,₹595
TERABYTE LAN Cable 9.75 m 9.75 METER Ethernet Cable CAT...,2.38 kg,Luna Grey,15.6 inch,"(1,213)",33% off,₹799
Lenovo LOQ Intel Core i5 12th Gen 12450HX - (12 GB/512 ...,0,True Wireless,White Opal,"(5,025)",75% off,₹174
"Boult Astra with Quad Mic ENC, 48Hrs Battery, Low Laten...",0,PC,Compatible with Laptop,(283),82% off,"₹59,490"
TERABYTE LAN Cable 19.75 m 19.75 METER Ethernet Cable C...,0,PC,Compatible with Laptop,"(75,475)",72% off,₹799
TERABYTE LAN Cable 14.75 m 14.75 METER Ethernet Cable C...,0,In the Ear,Grey,"(1,542)",78% off,₹174
IZWI 2025 best Selling Sports bluetooth Neckband Headph...,0,DART/SUPERVOOC,Compatible with VOOC/DASH/WARP,"(21,968)",21% off,₹297
XORTIC USB Type C Cable 6.5 A 1 m OEM WARP CHARGING CAB...,2.38 kg,Luna Grey,15.6 inch,"(1,395)",27% off,"₹1,13,990"
Lenovo LOQ Intel Core i5 12th Gen 12450HX - (12 GB/512 ...,2.32 Kg,Shadow Black,16.1 inch,(186),72% off,"₹58,990"
HP OMEN Intel Core i7 14th Gen 14650HX - (16 GB/1 TB SS...,0,MultiColor LED Modes,Black,(20),35% off,₹295
ZEBRONICS ZEB-Transformer Pro Premium Keyboard Mouse Co...,0,True Wireless,Berry Red,"(2,002)",28% off,₹599
"Boult W40 with Quad Mic ENC, 48H Battery Life, Low Late...",0,In the Ear,Blue,(313),68% off,₹599
"Boult Z40 with Zen ENC Mic, 60H Battery Life, Low Laten...",2.65 Kg,Dark Shadow Gray With Black Thermal Shelf,15.6 Inch,"(2,826)",71% off,₹599
DELL G15 Intel Core i5 13th Gen 13450HX - (16 GB/512 GB...,0,True Wireless,Blue,"(2,283)",73% off,"₹71,990"
HOPPUP Predator Xo4 Gaming Earbuds with 35MS Low Latenc...,0,PC,Compatible with Laptop,(429),77% off,"₹95,990"
TERABYTE LAN Cable 9.25 m 9.25 METER Ethernet Cable CAT...,0,Black,USB 2.0,"(5,212)",7% off,₹599
"Logitech G102 Light Sync / Adj DPI Upto 8000, 6 Program...",0,Black,Compatible with Dell HP Samsung Acer ASUS & All Other Brand Laptop,(754),28% off,₹212
HexaGear Power Cord 1.5 m Original Heavy Duty Laptop Ch...,2.62 kg,Eclipse Black,16 Inch,(7),27% off,"₹69,990"
Lenovo Lenovo Legion Pro 7 Intel Core i9 14th Gen 14900...,2.37 Kg,Shadow Black,16.1 Inch,(351),52% off,₹399
HP Omen AMD Ryzen 7 Octa Core 7840HS - (16 GB/1 TB SSD/...,0,,Black,(418),54% off,₹243
"Aula F2023 / Anti-ghosting, Aluminium body with Mobile ...",0,In the Ear,Onyx Lilac,"(1,30,869)",84% off,₹670
"TRIGGR Rizz with 40H Playback, Spherical Design, 13mm D...",2.29 Kg,Mica Silver Color,15.6 inch,"(19,276)",22% off,₹134
HP Victus Intel Core i5 13th Gen 13420H - (16 GB/512 GB...,0,True Wireless,Glacier Blue,(15),81% off,₹300
"Boult W20 with Zen ENC Mic, 40H Battery Life, Low Laten...",0,,Black,(367),37% off,"₹57,490"
PRODOT QWERTY Keyboard with Low Profile Keys for Window...,0,Bluetooth,2.4GHz Wireless,"(1,395)",39% off,"₹74,990"
Arctic Fox Pureview Transparent Wireless and Bluetooth ...,0,PC,Compatible with Laptop,(131),42% off,₹993
TERABYTE LAN Cable 10 m 10 METER Ethernet Cable CAT5/5E...,0,,Multicoor,"(2,536)",22% off,"₹1,699"
"spincart Big Gaming Mouse Pad, Extended Nonslip Table M...",0,True Wireless,Black Gloss,(367),19% off,₹399
"Boult Astra with Quad Mic ENC, 48Hrs Battery, Low Laten...",2.29 Kg,Performance Blue,15.6 inch,"(3,64,337)",86% off,"₹5,099"
HP Victus Intel Core i5 13th Gen 13420H - (16 GB/512 GB...,0,Black,USB 2.0,(41),52% off,"₹67,990"
Realstic ULTRA A1 128 GB MicroSD Card Class 10 130 MB/s...,1.99 Kg,Black,15.6 Inch,(367),35% off,"₹71,990"
ZEBRONICS ALEX Wired Ambidextrous Optical Mouse,2.65 Kg,Dark Shadow Gray With Black Thermal Shelf,15.6 inch,(939),68% off,₹295
Acer Aspire 7 Intel Core i5 13th Gen 13420H - (16 GB/51...,0,True Wireless,Multicolor,(367),70% off,"₹55,990"
DELL G15 Intel Core i5 13th Gen 13450HX - (16 GB/1 TB S...,0,In the Ear,Blue,"(1,621)",73% off,"₹75,980"
Prahar galaxy NOICELESS ULTRAPODS MAXY EARBUDS MAXXYY 3...,0,REALME,Compatible with OPPO,(246),66% off,"₹2,499"
"Mivi Duopods B1 (Just Launched)45Hrs Playtime, AI ENC f...",0,Black,USB 2.0,(176),74% off,"₹1,199"
Safa USB Type C Cable 6.5 A 1 m 65W/6.5A SUPER FAST CHA...,2.1 Kg,Obsidian Black,15.6 Inch,(49),68% off,₹545
"Kreo Hawk Wired Gaming Mouse, Pixart Sensor, RGB Mouse,...",2.1 Kg,Shale Black,15.6 Inch,"(1,213)",21% off,₹190
Acer Nitro V AMD Ryzen 7 Octa Core 7735HS - (16 GB/512 ...,0,True Wireless,Smoky Metal,"(1,89,629)",72% off,"₹64,990"
Acer Nitro V Intel Core i5 13th Gen 13420H - (16 GB/512...,0,PC,Compatible with Laptop,"(6,581)",32% off,"₹68,990"
"Boult Astra with Quad Mic ENC, 48Hrs Battery, Low Laten...",0,True Wireless,Glacier Blue,"(13,091)",70% off,₹545
TERABYTE LAN Cable 10 m 10 METER Ethernet Cable CAT5/5E...,2.38 Kg,Luna Grey,15.6 Inch,(115),73% off,"₹1,299"
"Boult W20 with Zen ENC Mic, 40H Battery Life, Low Laten...",0,,Msi,"(5,022)",39% off,"₹59,490"
Lenovo LOQ AMD Ryzen 5 Quad Core 7235HS - (24 GB/512 GB...,0,,Black,"(1,30,869)",78% off,"₹1,099"
"Doat Premium Quality Mouse Pad for Laptop, Notebook, Ga...",0,,Transparent,(9),52% off,₹226
PRODOT QWERTY Keyboard with Low Profile Keys for Window...,0,PC,Compatible with Laptop,(367),34% off,₹130
RAYA Silicone Keyboard Cover for Acer Nitro V ( ANV15-4...,1.77 Kg,Luna Grey,15.6 Inch,"(2,786)",33% off,₹222
TERABYTE LAN Cable 9.25 m 9.25 METER Ethernet Cable CAT...,0,True Wireless,White Opal,"(2,002)",82% off,"₹1,299"
Lenovo LOQ Gaming and Creator Laptop Intel Core i7 12th...,0,PC,Compatible with Laptop,(319),89% off,"₹57,490"
"Boult Astra with Quad Mic ENC, 48Hrs Battery, Low Laten...",0,White,Compatible with Type C,(424),86% off,"₹1,13,990"
TERABYTE LAN Cable 9 m 9 METER Ethernet Cable CAT5/5E N...,0,In the Ear,Blue,(28),57% off,"₹1,899"
TECHNOFORT POWER Type C 1 m Fast Charging Type C to Typ...,2.38 kg,Luna Grey,15.6 inch,"(2,514)",21% off,₹158
"Boult Z40 with Zen ENC Mic, 60H Battery Life, Low Laten...",0,Black,USB 2.0,"(1,89,629)",27% off,₹799
Lenovo LOQ Intel Core i5 12th Gen 12450HX - (12 GB/512 ...,0,White,Compatible with NA,(754),57% off,"₹71,990"
HP M100 Wired Ambidextrous Optical  Gaming Mouse,0,White,Compatible with NA,(5),79% off,₹299
LAKSHAY Type C 2 A 2 m C TYEPE DATA CABLE,0,,Black,(16),28% off,₹401
LAKSHAY Type C 2 A 1 m C TYEPE DATA CABLE,2.38 kg,Luna Grey,15.6 inch,"(1,30,869)",68% off,"₹1,199"
"EVOFOX Warhammer Floating Keycaps, 19 Anti Ghosting Key...",2.32 Kg,Shadow Black,16.1 inch,(7),72% off,₹859
Lenovo LOQ Intel Core i5 12th Gen 12450HX - (12 GB/512 ...,0,True Wireless,Olive Green,"(13,091)",76% off,"₹95,990"
HP OMEN Intel Core i7 14th Gen 14650HX - (16 GB/1 TB SS...,0,In the Ear,Black Moss,"(15,449)",76% off,"₹69,990"
Aroma NB126 Amplifier 40 Hours* Playtime | Perfect for ...,2.29 Kg,Performance Blue,15.6 inch,(473),81% off,₹267
"Boult Z40 Gaming with 60H Battery, 4 Mic ENC, Mode Sync...",0,True Wireless,White,(351),28% off,"₹1,198"
HP Victus AI AMD Ryzen 5 Hexa Core 8645HS - (16 GB/512 ...,0,,Multicolor,(418),27% off,"₹2,70,190"
Aroma NB140 Matrix Upto 40Hr Playtime* Fast Charging Du...,0,,Transparent,"(3,64,337)",60% off,₹799
Printwala Minecraft Mouse Pad Printed Mousepad For Lapt...,0,,White,"(2,916)",70% off,₹292
Saco Keyboard Protector Silicone Skin Cover Compatible ...,0,,Black,(50),84% off,₹186
"Ant Esports MK 1500 Mini / 60% Pro RGB, Type-C Charging...",2.62 kg,Eclipse Black,16 Inch,(131),22% off,₹299
Saco Dustproof Skin Keyboard Cover for 2020 Lenovo Legi...,2.37 Kg,Shadow Black,16.1 Inch,(10),86% off,₹229
Lenovo Lenovo Legion Pro 7 Intel Core i9 14th Gen 14900...,0,,Transparent,"(8,118)",76% off,"₹1,099"
HP Omen AMD Ryzen 7 Octa Core 7840HS - (16 GB/1 TB SSD/...,0,,With Adapter,(96),40% off,"₹74,990"
RAYA Silicone Keyboard Cover for ASUS 2022 TUF Gaming &...,1.99 Kg,Black,15.6 Inch,(50),73% off,"₹1,399"
REDCOP SD Card 64 GB MicroSDXC Class 10 150 MB/s  Memor...,2.65 Kg,Dark Shadow Gray With Black Thermal Shelf,15.6 inch,(83),35% off,₹676
Acer Aspire 7 Intel Core i5 13th Gen 13420H - (16 GB/51...,0,True Wireless,Bass Black,(41),22% off,₹292
DELL G15 Intel Core i5 13th Gen 13450HX - (16 GB/1 TB S...,0,True Wireless,Black,(246),76% off,₹130
"Mi Buds 5A, 25dB ANC,30hr playtime, AI-ENC clear calls,...",0,,Black,(551),65% off,"₹1,199"
DSSB Premium Black Bluetooth Earbuds With Best Quality ...,0,True Wireless,Black,"(7,914)",19% off,₹190
"Kreo Arctik Laptop Cooler 140mm Turbo Fan, Adjustable R...",2.1 Kg,Obsidian Black,15.6 Inch,"(1,213)",68% off,"₹1,899"
"Boult Klarity 1 with 80 Hrs Battery, Dual Pairing, 4 Mi...",0,True Wireless,Glacier Blue,"(21,968)",46% off,"₹55,990"
Acer Nitro V AMD Ryzen 7 Octa Core 7735HS - (16 GB/512 ...,0,,Black,"(13,091)",72% off,"₹75,980"
"Boult W20 with Zen ENC Mic, 40H Battery Life, Low Laten...",0,Apple iPhone 60W,Compatible with iPhone,(199),79% off,₹699
"Henture Prodot 7 Keyboard Mouse with Usb Light, OTG, Mo...",2.38 Kg,Luna Grey,15.6 Inch,(8),63% off,₹398
"gopvan Type C 6.5 A 1 m Copper Usb C To Usb C Cable,Upg...",0,True Wireless,Black,"(11,750)",68% off,₹699
Lenovo LOQ AMD Ryzen 5 Quad Core 7235HS - (24 GB/512 GB...,0,,Isopropyl Alcohol Pack of 2 - 100 ml+300 ml,"(1,395)",21% off,₹386
Aroma NB126 Amplifier 40 Hours Bluetooth Gaming,0,Samsung Galaxy S21 Ultra,Compatible with iPhone 15 Series,(9),68% off,"₹64,990"
REDCOP Isopropyl Alcohol | 99.9% Pure Rubbing Alcohol [...,0,,Transparent,(4),26% off,"₹68,990"
LAKSHAY USB Type C Cable 2 A 2 m USB TYEPE C DATA CABLE,0,,Silver,"(4,414)",89% off,₹420
Saco Dustproof Skin Keyboard Cover for 2020 Lenovo Legi...,0,True Wireless,White Opal,"(2,002)",60% off,₹203
"HP V22OW 64 GB Pen Drive Compatible with Audio Player, ...",1.77 Kg,Luna Grey,15.6 Inch,(319),65% off,"₹59,490"
"Boult Astra with Quad Mic ENC, 48Hrs Battery, Low Laten...",0,PC,Compatible with Laptop,(367),22% off,"₹1,099"
Lenovo LOQ Gaming and Creator Laptop Intel Core i7 12th...,0,PC,Compatible with Laptop,(367),27% off,₹272
TERABYTE LAN Cable 24.75 m 24.75 METER Ethernet Cable C...,0,In the Ear,Blue,"(5,826)",34% off,₹233
TERABYTE LAN Cable 5 m 5 METER Ethernet Cable CAT5/5E N...,2.32 Kg,Shadow Black,16.1 inch,(68),29% off,₹591
"Boult Z40 with Zen ENC Mic, 60H Battery Life, Low Laten...",0,Black,USB 2.0,"(1,89,629)",68% off,₹295
HP OMEN Intel Core i7 14th Gen 14650HX - (16 GB/1 TB SS...,0,,Grey,(754),73% off,"₹57,490"
Frontech MS-0050 Wired USB Gaming Mouse |6 Keys |7-Led ...,0,True Wireless,Pearl White,(191),64% off,"₹1,13,990"
HP 128GB Pen drive V220W USB 3.0 128 GB Pen Drive Compa...,2.29 Kg,Performance Blue,15.6 inch,(377),58% off,"₹1,598"
Realstic SMART ULTRA SPEED Ultra MicroSD Card 128 GB Mi...,2.37 Kg,Shadow Black,16.1 Inch,"(1,30,869)",22% off,₹899
TECHFIRE 161 TWS Earbuds with 100 H Bluetooth,0,,Black,(7),33% off,₹799
HP Victus AI AMD Ryzen 5 Hexa Core 8645HS - (16 GB/512 ...,0,Set Up Box,Compatible with TV,"(5,461)",68% off,"₹71,990"
HP Omen AMD Ryzen 7 Octa Core 7840HS - (16 GB/1 TB SSD/...,2.38 kg,Luna Grey,15.6 Inch,"(5,461)",79% off,₹699
HP KM180 Keyboard & Mouse Wired USB Standard Desktop Ke...,2.29 Kg,Mica Silver Color,15.6 inch,"(5,461)",68% off,₹234
ZEBRONICS HDMI Cable 5 m ZEB-HAA5020,0,Set Up Box,Compatible with TV,"(5,461)",21% off,"₹1,195"
Lenovo LOQ Intel Core i5 13th Gen 13450HX - (16 GB/512 ...,0,In the Ear,Grey,(418),88% off,₹264
HP Victus Intel Core i5 13th Gen 13420H - (16 GB/512 GB...,0,True Wireless,Black,"(3,64,337)",46% off,"₹2,70,190"
ZEBRONICS HDMI Cable 1.5 m ZEB-HAA1520,0,,Transparent White,"(5,461)",70% off,"₹95,990"
KZ EDX Pro X In Ear Monitor Wired Wired,0,True Wireless,White,"(5,461)",76% off,₹699
"truke Airbuds Lite with Quad Mic ENC, 48Hrs Battery, Ga...",2.38 kg,Luna Grey,15.6 inch,(131),27% off,₹699
Arctic Fox FAFKEYTRAWW00101E Wired USB Standard Desktop...,0,In the Ear,Black,(10),68% off,"₹69,990"
Aroma NB140 Matrix Upto 40Hr Playtime* Fast Charging Du...,0,,Pack of 1,(176),78% off,₹799
Lenovo LOQ Intel Core i5 12th Gen 12450HX - (12 GB/512 ...,1.99 Kg,Black,15.6 Inch,"(1,008)",85% off,₹294
INDOB Smart Design UltraPods Buds With Charging Case Bl...,2.1 Kg,Shale Black,15.6 Inch,(41),84% off,₹545
"HexaGear Screen Guard for HP Cromebook, Hp ENVY, HP Eli...",0,White,Silver,(246),28% off,₹205
Acer Aspire 7 Intel Core i5 13th Gen 13420H - (16 GB/51...,0,USB 3.0,USB 2.0,(244),30% off,₹253
Acer Nitro V Intel Core i5 13th Gen 13420H - (16 GB/512...,0,,Black,"(1,213)",77% off,"₹1,099"
"HP TYEP C OTG+ 128 GB Pen Drive Compatible with Laptop,...",0,In the Ear,Black,"(21,968)",67% off,"₹74,990"
Frontech MS-0047 Wired Ambidextrous Optical Mouse,2.38 Kg,Luna Grey,15.6 Inch,"(33,271)",29% off,₹539
"Etake Large Gaming Mouse Pad with Nonslip Base, Waterpr...",1.77 Kg,Luna Grey,15.6 Inch,(622),28% off,₹168
"Portronics Z7 with 40Hrs Playback, Gaming Mode, Water R...",0,,7EC-PRO,(10),27% off,₹398
Lenovo LOQ AMD Ryzen 5 Quad Core 7235HS - (24 GB/512 GB...,0,,Black,"(1,395)",84% off,"₹1,598"
Lenovo LOQ Gaming and Creator Laptop Intel Core i7 12th...,2.38 kg,Luna Grey,15.6 inch,(9),81% off,₹699
"MSNB 7-in-1 Electronics Cleaner Kit for Computers, Lapt...",0,True Wireless,White Opal,(58),21% off,"₹71,990"
"Portronics Ki-Pad 3 USB Wired Keyboard, Noise-free Typi...",0,,Multicolor2,(5),83% off,"₹1,13,990"
Lenovo LOQ Intel Core i5 12th Gen 12450HX - (12 GB/512 ...,0,Ink Color - Black,Pack of 4,"(2,002)",52% off,"₹55,990"
"Boult Astra with Quad Mic ENC, 48Hrs Battery, Low Laten...",0,Laptops,Compatible with Desktops,(319),57% off,"₹74,990"
PrintMall BigSize WaterProof Gaming Mouse Pad Non-Slip ...,0,Laptops,Compatible with Desktops,(15),72% off,₹595
MRIYA Spinning Rotatable Finger Ball Point Pens Non-Sli...,2.38 kg,Luna Grey,15.6 inch,(31),57% off,₹799
Sadow LAN Cable 1.5 m 1.5 Meters CAT5e Ethernet Cable L...,2.32 Kg,Shadow Black,16.1 inch,"(3,928)",35% off,₹283
Sadow LAN Cable 35 m 35 Meters CAT5e Ethernet Cable Lan...,0,,White,(15),22% off,"₹1,049"
Lenovo LOQ Intel Core i5 12th Gen 12450HX - (12 GB/512 ...,0,Laptops,Compatible with Desktops,"(1,89,629)",72% off,"₹67,990"
HP OMEN Intel Core i7 14th Gen 14650HX - (16 GB/1 TB SS...,0,In the Ear,Blue,(754),62% off,"₹75,980"
ZEBRONICS ZEB-KKB 3 Wired USB Standard Desktop Keyboard...,2.65 Kg,Dark Shadow Gray With Black Thermal Shelf,15.6 Inch,"(1,30,869)",83% off,"₹1,099"
Sadow LAN Cable 5 m 5 Meters CAT5e Ethernet Cable Lan N...,0,Laptops,Compatible with Desktops,(7),29% off,₹205
"Boult Z40 with Zen ENC Mic, 60H Battery Life, Low Laten...",0,In the Ear,Hot Red,(141),57% off,₹799
DELL G15 Intel Core i5 13th Gen 13450HX - (16 GB/512 GB...,0,Laptops,Compatible with Desktops,(199),29% off,"₹64,990"
Sadow LAN Cable 20 m 20 Meters CAT5e Ethernet Cable Lan...,0,True Wireless,Black,(418),22% off,₹71
"Tunifi Z2 Bullets Wireless with Fast Charge, 30 Hrs Bat...",2.62 kg,Eclipse Black,16 Inch,"(3,64,337)",34% off,₹294
Sadow LAN Cable 30 m 30 Meters CAT5e Ethernet Cable Lan...,2.37 Kg,Shadow Black,16.1 Inch,"(1,416)",29% off,₹297
"beatXP Vibe XPods with 60H Playtime, Quad Mic ENC, Gami...",0,,Black,(131),63% off,₹234
Lenovo Lenovo Legion Pro 7 Intel Core i9 14th Gen 14900...,0,,Black,(10),85% off,"₹68,990"
HP Omen AMD Ryzen 7 Octa Core 7840HS - (16 GB/1 TB SSD/...,2.29 Kg,Mica Silver Color,15.6 inch,(514),37% off,"₹1,099"
Dezful K16 1 Fan Cooling Pad,0,True Wireless,Glacier Blue,"(1,571)",62% off,₹210
spincart Gaming Mouse pad With Stitched Edges Desk Mat ...,0,On the Ear,Black,(367),22% off,₹284
HP Victus Intel Core i5 13th Gen 13420H - (16 GB/512 GB...,0,PC,Compatible with Laptop,(41),68% off,₹799
"Boult W20 with Zen ENC Mic, 40H Battery Life, Low Laten...",0,,Pack of 5,(246),60% off,"₹57,490"
"ZEBRONICS Zeb-Duke 2, with 60h Backup, BT v5.4 Mode, EN...",0,,Silver,"(2,613)",79% off,₹416
TERABYTE LAN Cable 4.5 m 4.50 METER Ethernet Cable CAT5...,0,True Wireless,Black Gloss,"(1,213)",21% off,₹442
3REE CR1220  Battery,2.29 Kg,Performance Blue,15.6 inch,"(21,968)",84% off,₹392
HP Flash Drive 128 GB Pen Drive Compatible with Audio P...,0,Laptops,Compatible with Desktops,"(1,20,942)",57% off,"₹1,055"
"Boult Astra with Quad Mic ENC, 48Hrs Battery, Low Laten...",0,,Black,(331),77% off,"₹59,490"
HP Victus Intel Core i5 13th Gen 13420H - (16 GB/512 GB...,1.99 Kg,Black,15.6 Inch,(130),57% off,"₹1,13,990"
Sadow LAN Cable 15 m 15 Meters CAT5e Ethernet Cable Lan...,2.1 Kg,Obsidian Black,15.6 Inch,(447),57% off,₹399
HP K300 Wired USB Standard Gaming Keyboard Compatible w...,0,,Black,"(1,395)",68% off,₹999
Acer Aspire 7 Intel Core i5 13th Gen 13420H - (16 GB/51...,0,,Black,(9),27% off,"₹58,990"
Acer Nitro V AMD Ryzen 7 Octa Core 7735HS - (16 GB/512 ...,0,,7EC-PRO,"(5,461)",68% off,₹399
"Saco Keyboard Protector 15.6 Inch, 17.3 Inch Laptop Dus...",0,True Wireless,White Sabre,(88),67% off,₹142
